"","Var1","Freq"
"1","AACN Adv Crit Care",3
"2","AANA J",1
"3","AAPS J",27
"4","AAPS PharmSci",7
"5","AAPS PharmSciTech",2
"6","Acad Emerg Med",1
"7","Acad Med",1
"8","Acad Pediatr",2
"9","Acad Psychiatry",1
"10","Account Res",1
"11","ACS Chem Neurosci",6
"12","ACS Chem. Biol.",2
"13","ACS Med Chem Lett",1
"14","ACS Nano",1
"15","Acta Anaesthesiol Belg",1
"16","Acta Anaesthesiol Scand",3
"17","Acta Anaesthesiol Taiwan",1
"18","Acta Biochim. Pol.",1
"19","Acta Biomater",2
"20","Acta Cardiol Sin",1
"21","Acta Chim Slov",1
"22","Acta Clin Belg",2
"23","Acta Clin Croat",1
"24","Acta Derm. Venereol.",2
"25","Acta Diabetol",2
"26","Acta Gastroenterol. Belg.",2
"27","Acta Gastroenterol. Latinoam.",1
"28","Acta Haematol.",3
"29","Acta Med Indones",1
"30","Acta Med Iran",5
"31","Acta Medica (Hradec Kralove)",1
"32","Acta Medica (Hradec Kralove) Suppl",1
"33","Acta Naturae",3
"34","Acta Neurobiol Exp (Wars)",1
"35","Acta Neurol Belg",1
"36","Acta Neurol. Scand.",3
"37","Acta Neurol. Scand., Suppl.",1
"38","Acta Neuropathol Commun",1
"39","Acta Neuropathol.",1
"40","Acta Neuropsychiatr",3
"41","Acta Oncol",2
"42","Acta Ophthalmol",4
"43","Acta Orthop",1
"44","Acta Otolaryngol.",1
"45","Acta Paediatr Taiwan",1
"46","Acta Pharm",1
"47","Acta Pharm Sin B",4
"48","Acta Pharmacol. Sin.",31
"49","Acta Physiol (Oxf)",1
"50","Acta Physiol Hung",3
"51","Acta Pol Pharm",5
"52","Acta Psychiatr Scand",1
"53","Acta Psychiatr Scand Suppl",1
"54","Acta Radiol Suppl",1
"55","Acta Trop.",3
"56","Actas Dermosifiliogr",4
"57","Actas Esp Psiquiatr",2
"58","Addict Behav",1
"59","Addict Behav Rep",1
"60","Addict Biol",12
"61","Addict Sci Clin Pract",3
"62","Addiction",11
"63","Adolesc Med",1
"64","Adolesc Med State Art Rev",1
"65","Adv Anat Pathol",1
"66","Adv Appl Bioinform Chem",1
"67","Adv Biomed Res",1
"68","Adv Cardiol",1
"69","Adv Chronic Kidney Dis",8
"70","Adv Clin Chem",2
"71","Adv Clin Exp Med",4
"72","Adv Gerontol",1
"73","Adv Health Econ Health Serv Res",1
"74","Adv Med Educ Pract",1
"75","Adv Med Sci",2
"76","Adv Neurol",1
"77","Adv Pharmacol Sci",1
"78","Adv Protein Chem Struct Biol",5
"79","Adv Psychosom Med",1
"80","Adv Ther",2
"81","Adv. Biochem. Psychopharmacol.",2
"82","Adv. Cancer Res.",1
"83","Adv. Dent. Res.",1
"84","Adv. Drug Deliv. Rev.",23
"85","Adv. Exp. Med. Biol.",18
"86","Adv. Genet.",7
"87","Adv. Parasitol.",1
"88","Adv. Pharmacol.",18
"89","Afr Health Sci",1
"90","Afr J Psychiatry (Johannesbg)",1
"91","Afr J Tradit Complement Altern Med",2
"92","Age (Dordr)",1
"93","Age Ageing",2
"94","Ageing Res. Rev.",3
"95","Aging Cell",3
"96","Aging Clin Exp Res",1
"97","AHIP Cover",1
"98","AIDS",11
"99","AIDS Clin Care",1
"100","AIDS Patient Care STDS",1
"101","AIDS Read",1
"102","AIDS Res Ther",2
"103","AIDS Res Treat",1
"104","AIDS Res. Hum. Retroviruses",4
"105","AIDS Rev",3
"106","AIDS Treat News",1
"107","Alcohol",7
"108","Alcohol Alcohol.",2
"109","Alcohol Res",1
"110","Alcohol Res Health",1
"111","Alcohol. Clin. Exp. Res.",13
"112","Aliment. Pharmacol. Ther.",16
"113","Allergol Immunopathol (Madr)",2
"114","Allergol Int",2
"115","Allergy",6
"116","Allergy Asthma Immunol Res",3
"117","Allergy Asthma Proc",2
"118","Altern Lab Anim",1
"119","Altern Med Rev",1
"120","Altern Ther Health Med",2
"121","ALTEX",1
"122","Alzheimers Dement",1
"123","Alzheimers Res Ther",1
"124","Am Clin Lab",5
"125","Am Fam Physician",6
"126","Am Health Drug Benefits",1
"127","Am Heart Hosp J",1
"128","Am Indian Alsk Native Ment Health Res",1
"129","Am J Addict",2
"130","Am J Alzheimers Dis Other Demen",2
"131","Am J Bioeth",4
"132","Am J Cancer Res",2
"133","Am J Cardiovasc Drugs",6
"134","Am J Clin Dermatol",1
"135","Am J Drug Alcohol Abuse",5
"136","Am J Emerg Med",1
"137","Am J Geriatr Pharmacother",1
"138","Am J Geriatr Psychiatry",1
"139","Am J Health Syst Pharm",68
"140","Am J Infect Control",1
"141","Am J Law Med",3
"142","Am J Manag Care",5
"143","Am J Med Genet C Semin Med Genet",7
"144","Am J Med Technol",1
"145","Am J Nurs",3
"146","Am J Perinatol",4
"147","Am J Pharm Educ",23
"148","Am J Pharmacogenomics",169
"149","Am J Prev Med",1
"150","Am J Psychiatry",34
"151","Am J Psychoanal",1
"152","Am J Public Health",3
"153","Am J Ther",10
"154","Am Pharm",1
"155","Am Soc Clin Oncol Educ Book",2
"156","Am Univ Law Rev",1
"157","Am. Heart J.",9
"158","Am. J. Cardiol.",4
"159","Am. J. Chin. Med.",8
"160","Am. J. Clin. Nutr.",5
"161","Am. J. Clin. Oncol.",2
"162","Am. J. Clin. Pathol.",8
"163","Am. J. Dis. Child.",1
"164","Am. J. Epidemiol.",2
"165","Am. J. Gastroenterol.",4
"166","Am. J. Hematol.",6
"167","Am. J. Hum. Genet.",21
"168","Am. J. Hypertens.",3
"169","Am. J. Kidney Dis.",9
"170","Am. J. Med.",9
"171","Am. J. Med. Genet.",2
"172","Am. J. Med. Genet. A",4
"173","Am. J. Med. Genet. B Neuropsychiatr. Genet.",22
"174","Am. J. Nephrol.",1
"175","Am. J. Obstet. Gynecol.",5
"176","Am. J. Ophthalmol.",1
"177","Am. J. Pathol.",5
"178","Am. J. Physiol.",1
"179","Am. J. Physiol. Endocrinol. Metab.",1
"180","Am. J. Physiol. Gastrointest. Liver Physiol.",1
"181","Am. J. Physiol. Heart Circ. Physiol.",2
"182","Am. J. Physiol. Lung Cell Mol. Physiol.",4
"183","Am. J. Physiol. Regul. Integr. Comp. Physiol.",2
"184","Am. J. Physiol. Renal Physiol.",4
"185","Am. J. Respir. Cell Mol. Biol.",2
"186","Am. J. Respir. Crit. Care Med.",21
"187","Am. J. Surg.",4
"188","Am. J. Transplant.",7
"189","Am. J. Trop. Med. Hyg.",3
"190","AMB Express",1
"191","AMIA Annu Symp Proc",12
"192","AMIA Jt Summits Transl Sci Proc",10
"193","Amino Acids",3
"194","Amyloid",1
"195","Amyotroph Lateral Scler",1
"196","An Pediatr (Barc)",2
"197","An R Acad Nac Med (Madr)",2
"198","An. Acad. Bras. Cienc.",1
"199","Anaesthesia",4
"200","Anaesthesist",5
"201","Anal Bioanal Chem",5
"202","Anal Methods",1
"203","Anal. Biochem.",7
"204","Anal. Chem.",4
"205","Anal. Chim. Acta",1
"206","Anal. Quant. Cytol. Histol.",1
"207","Analyst",1
"208","Andrology",3
"209","Anemia",1
"210","Anesteziol Reanimatol",4
"211","Anesth Prog",2
"212","Anesth. Analg.",13
"213","Anesthesiol Clin",3
"214","Anesthesiology",17
"215","Angew. Chem. Int. Ed. Engl.",1
"216","Angiogenesis",2
"217","Angiology",1
"218","Anim. Genet.",1
"219","Ann Agric Environ Med",1
"220","Ann Am Thorac Soc",3
"221","Ann Appl Stat",1
"222","Ann Cardiol Angeiol (Paris)",1
"223","Ann Clin Transl Neurol",1
"224","Ann Fam Med",2
"225","Ann Fr Anesth Reanim",2
"226","Ann Gastroenterol",3
"227","Ann Health Law",1
"228","Ann Hepatol",5
"229","Ann Indian Acad Neurol",2
"230","Ann Intensive Care",1
"231","Ann Lab Med",2
"232","Ann Med Surg (Lond)",3
"233","Ann Pathol",1
"234","Ann Pharm Fr",14
"235","Ann Pharmacother",28
"236","Ann Thorac Cardiovasc Surg",1
"237","Ann Transl Med",1
"238","Ann. Acad. Med. Singap.",11
"239","Ann. Allergy Asthma Immunol.",2
"240","Ann. Biol. Clin. (Paris)",10
"241","Ann. Clin. Biochem.",6
"242","Ann. Clin. Lab. Sci.",3
"243","Ann. Hematol.",4
"244","Ann. Hum. Biol.",12
"245","Ann. Hum. Genet.",6
"246","Ann. Intern. Med.",9
"247","Ann. Ist. Super. Sanita",1
"248","Ann. Med.",9
"249","Ann. N. Y. Acad. Sci.",15
"250","Ann. Neurol.",6
"251","Ann. Oncol.",34
"252","Ann. Rheum. Dis.",15
"253","Ann. Surg. Oncol.",2
"254","Ann. Thorac. Surg.",1
"255","Ann. Transplant.",5
"256","Annu Rev Clin Psychol",1
"257","Annu Rev Genomics Hum Genet",10
"258","Annu Rev Nurs Res",3
"259","Annu Rev Public Health",1
"260","Annu. Rev. Biochem.",1
"261","Annu. Rev. Genet.",1
"262","Annu. Rev. Med.",13
"263","Annu. Rev. Nutr.",1
"264","Annu. Rev. Pharmacol. Toxicol.",33
"265","Antibiot. Khimioter.",2
"266","Anticancer Agents Med Chem",6
"267","Anticancer Drugs",11
"268","Anticancer Res.",26
"269","Antimicrob. Agents Chemother.",30
"270","Antioxid. Redox Signal.",2
"271","Antivir. Ther. (Lond.)",8
"272","Antiviral Res.",5
"273","AORN J",1
"274","Appetite",2
"275","Appl Clin Genet",1
"276","Appl Clin Inform",1
"277","Appl Health Econ Health Policy",1
"278","Appl Nurs Res",1
"279","Appl Physiol Nutr Metab",1
"280","Appl Transl Genom",4
"281","Arch Cardiol Mex",1
"282","Arch Cardiovasc Dis",3
"283","Arch Dermatol",2
"284","Arch Dis Child Educ Pract Ed",1
"285","Arch Endocrinol Metab",1
"286","Arch Mal Coeur Vaiss",7
"287","Arch Med Sadowej Kryminol",1
"288","Arch Med Sci",2
"289","Arch Pediatr",5
"290","Arch Pediatr Adolesc Med",1
"291","Arch Psychiatr Nurs",2
"292","Arch Soc Esp Oftalmol",1
"293","Arch Womens Ment Health",2
"294","Arch. Biochem. Biophys.",7
"295","Arch. Dermatol. Res.",3
"296","Arch. Dis. Child.",10
"297","Arch. Fr. Pediatr.",1
"298","Arch. Gen. Psychiatry",9
"299","Arch. Gynecol. Obstet.",3
"300","Arch. Immunol. Ther. Exp. (Warsz.)",8
"301","Arch. Intern. Med.",1
"302","Arch. Med. Res.",6
"303","Arch. Neurol.",2
"304","Arch. Ophthalmol.",1
"305","Arch. Pathol. Lab. Med.",13
"306","Arch. Pharm. Res.",8
"307","Arch. Toxicol.",13
"308","Arerugi",2
"309","Arh Hig Rada Toksikol",2
"310","Arq Bras Endocrinol Metabol",1
"311","Arq Neuropsiquiatr",2
"312","Arq. Bras. Cardiol.",1
"313","Arterioscler. Thromb. Vasc. Biol.",11
"314","Arthritis Res.",1
"315","Arthritis Res. Ther.",4
"316","Arthritis Rheum.",9
"317","Artif Intell Med",2
"318","Artif Organs",1
"319","Arzneimittelforschung",4
"320","ASAIO J.",1
"321","Asia Pac Allergy",3
"322","Asia Pac J Clin Oncol",1
"323","Asia Pac J Public Health",1
"324","Asia Pac Psychiatry",2
"325","Asian J Psychiatr",5
"326","Asian J. Androl.",3
"327","Asian Pac J Trop Med",1
"328","Asian Pac. J. Allergy Immunol.",1
"329","Asian Pac. J. Cancer Prev.",11
"330","Assay Drug Dev Technol",3
"331","Assist Inferm Ric",1
"332","Asthma Res Pract",1
"333","Atherosclerosis",20
"334","Atten Defic Hyperact Disord",1
"335","Audiol. Neurootol.",1
"336","Aust Fam Physician",3
"337","Aust N Z J Psychiatry",10
"338","Aust New Zealand Health Policy",1
"339","Aust Prescr",3
"340","Australas Med J",1
"341","Australas Phys Eng Sci Med",1
"342","Australas. J. Dermatol.",3
"343","Autism Res",2
"344","Autoimmun Rev",5
"345","Autoimmune Dis",1
"346","Autoimmunity",3
"347","Autophagy",5
"348","Aviat Space Environ Med",1
"349","Avicenna J Med Biotechnol",1
"350","Ayu",1
"351","Balkan J. Med. Genet.",2
"352","Balkan Med J",1
"353","Bangladesh Med Res Counc Bull",1
"354","Basic Clin. Pharmacol. Toxicol.",33
"355","Basic Life Sci.",1
"356","Basic Res. Cardiol.",1
"357","Behav Brain Funct",1
"358","Behav Pharmacol",1
"359","Behav. Brain Res.",2
"360","Behav. Genet.",6
"361","Benefits Q",1
"362","Best Pract Res Clin Anaesthesiol",3
"363","Best Pract Res Clin Gastroenterol",4
"364","Best Pract Res Clin Haematol",5
"365","Best Pract Res Clin Obstet Gynaecol",1
"366","Best Pract Res Clin Rheumatol",2
"367","Best Pract. Res. Clin. Endocrinol. Metab.",5
"368","Bioanalysis",2
"369","Biochem Biophys Rep",2
"370","Biochem Med (Zagreb)",1
"371","Biochem. Biophys. Res. Commun.",39
"372","Biochem. Genet.",6
"373","Biochem. J.",15
"374","Biochem. Pharmacol.",48
"375","Biochem. Soc. Symp.",1
"376","Biochem. Soc. Trans.",3
"377","Biochemistry",8
"378","Biochim. Biophys. Acta",27
"379","Biochimie",6
"380","Bioconjug. Chem.",6
"381","Biocontrol Sci",1
"382","BioData Min",3
"383","BioDrugs",2
"384","Bioessays",3
"385","Bioethics",7
"386","Bioimpacts",2
"387","Bioinform Biol Insights",2
"388","Bioinformatics",20
"389","Bioinformation",6
"390","Biol Open",1
"391","Biol Proced Online",1
"392","Biol Psychiatry Cogn Neurosci Neuroimaging",1
"393","Biol Res Nurs",5
"394","Biol Res Pregnancy Perinatol",1
"395","Biol. Blood Marrow Transplant.",6
"396","Biol. Direct",1
"397","Biol. Pharm. Bull.",11
"398","Biol. Psychiatry",31
"399","Biologicals",2
"400","Biologics",1
"401","Biologist (London)",1
"402","Biom J",1
"403","Biomacromolecules",1
"404","Biomark Med",17
"405","Biomark Res",2
"406","Biomarkers",2
"407","Biomaterials",6
"408","Biomed Inform Insights",1
"409","Biomed Khim",2
"410","Biomed Mater Eng",1
"411","Biomed Pap Med Fac Univ Palacky Olomouc Czech Repub",1
"412","Biomed Rep",5
"413","Biomed Res Int",27
"414","Biomed. Chromatogr.",9
"415","Biomed. Environ. Sci.",1
"416","Biomed. Pharmacother.",7
"417","Biomedica",1
"418","Biomedicine (Taipei)",1
"419","Biometrics",7
"420","Biometrika",1
"421","Biomol NMR Assign",1
"422","Biomol Ther (Seoul)",1
"423","Bioorg. Chem.",9
"424","Bioorg. Med. Chem.",4
"425","Bioorg. Med. Chem. Lett.",2
"426","Biopharm Drug Dispos",2
"427","Biopreserv Biobank",1
"428","Biosci. Biotechnol. Biochem.",1
"429","Biosci. Rep.",3
"430","Biosens Bioelectron",3
"431","Biosocieties",1
"432","BioSystems",1
"433","BioTechniques",24
"434","Biotechnol Annu Rev",1
"435","Biotechnol Healthc",7
"436","Biotechnol. Appl. Biochem.",1
"437","Biotechnol. Lett.",2
"438","Bipolar Disord",4
"439","Birth Defects Orig. Artic. Ser.",1
"440","Birth Defects Res. Part A Clin. Mol. Teratol.",6
"441","BJOG",7
"442","BJU Int.",1
"443","Bladder Cancer",1
"444","Blood",46
"445","Blood Cells Mol. Dis.",5
"446","Blood Coagul. Fibrinolysis",5
"447","Blood Press Monit",1
"448","Blood Rev.",3
"449","BMB Rep",3
"450","BMC Bioinformatics",18
"451","BMC Biotechnol.",2
"452","BMC Cancer",18
"453","BMC Cardiovasc Disord",2
"454","BMC Complement Altern Med",7
"455","BMC Evol. Biol.",1
"456","BMC Fam Pract",1
"457","BMC Gastroenterol",1
"458","BMC Genet.",9
"459","BMC Genomics",20
"460","BMC Geriatr",1
"461","BMC Health Serv Res",1
"462","BMC Infect. Dis.",4
"463","BMC Med",10
"464","BMC Med Ethics",1
"465","BMC Med Genomics",21
"466","BMC Med Inform Decis Mak",3
"467","BMC Med. Genet.",19
"468","BMC Microbiol.",1
"469","BMC Mol. Biol.",1
"470","BMC Musculoskelet Disord",2
"471","BMC Nephrol",1
"472","BMC Ophthalmol",2
"473","BMC Oral Health",1
"474","BMC Pediatr",1
"475","BMC Pharmacol Toxicol",1
"476","BMC Physiol.",1
"477","BMC Pregnancy Childbirth",1
"478","BMC Proc",2
"479","BMC Psychiatry",7
"480","BMC Public Health",2
"481","BMC Res Notes",6
"482","BMC Syst Biol",3
"483","BMJ",23
"484","BMJ Case Rep",1
"485","BMJ Open",8
"486","BMJ Open Respir Res",1
"487","Bone",2
"488","Bone Marrow Transplant.",4
"489","Bone Rep",1
"490","Bosn J Basic Med Sci",3
"491","Br J Anaesth",7
"492","Br J Clin Pharmacol",168
"493","Br J Gen Pract",3
"494","Br J Hosp Med",1
"495","Br J Ind Med",1
"496","Br J Nurs",2
"497","Br J Ophthalmol",2
"498","Br J Pain",2
"499","Br J Psychiatry",1
"500","Br J Psychiatry Suppl",1
"501","Br Med J (Clin Res Ed)",1
"502","Br. J. Cancer",40
"503","Br. J. Dermatol.",15
"504","Br. J. Haematol.",13
"505","Br. J. Nutr.",1
"506","Br. J. Pharmacol.",34
"507","Br. J. Rheumatol.",1
"508","Br. Med. Bull.",5
"509","Brain",7
"510","Brain Behav",2
"511","Brain Behav. Immun.",2
"512","Brain Dev.",3
"513","Brain Nerve",4
"514","Brain Res.",7
"515","Brain Res. Bull.",1
"516","Brain Struct Funct",1
"517","Bratisl Lek Listy",5
"518","Braz. J. Med. Biol. Res.",4
"519","Breast",2
"520","Breast Cancer",5
"521","Breast Cancer (Dove Med Press)",4
"522","Breast Cancer Res.",10
"523","Breast Cancer Res. Treat.",18
"524","Breast Care (Basel)",1
"525","Brief Funct Genomic Proteomic",6
"526","Brief Funct Genomics",1
"527","Brief. Bioinformatics",17
"528","Bull Cancer",18
"529","Bull Environ Contam Toxicol",1
"530","Bull Med Ethics",1
"531","Bull NYU Hosp Jt Dis",4
"532","Bull Soc Sci Med Grand Duche Luxemb",1
"533","Bull. Acad. Natl. Med.",8
"534","Bull. Exp. Biol. Med.",8
"535","Bull. Mem. Acad. R. Med. Belg.",1
"536","Bull. World Health Organ.",1
"537","Bundesgesundheitsblatt Gesundheitsforschung Gesundheitsschutz",17
"538","Burns",1
"539","C. R. Acad. Sci. III, Sci. Vie",1
"540","C. R. Biol.",1
"541","CA Cancer J Clin",2
"542","Cad Saude Publica",1
"543","Calcif. Tissue Int.",3
"544","Camb Q Healthc Ethics",1
"545","Can Fam Physician",1
"546","Can J Anaesth",9
"547","Can J Cardiol",11
"548","Can J Clin Pharmacol",1
"549","Can J Kidney Health Dis",1
"550","Can J Neurol Sci",1
"551","Can J Psychiatry",7
"552","Can Pharm J (Ott)",1
"553","Can. J. Ophthalmol.",2
"554","Can. J. Physiol. Pharmacol.",4
"555","Can. Respir. J.",2
"556","Can. Vet. J.",1
"557","Cancer",18
"558","Cancer Biol. Ther.",10
"559","Cancer Biomark",4
"560","Cancer Biother. Radiopharm.",3
"561","Cancer Causes Control",1
"562","Cancer Cell",5
"563","Cancer Cell Int.",2
"564","Cancer Chemother. Pharmacol.",71
"565","Cancer Control",3
"566","Cancer Cytopathol",3
"567","Cancer Detect. Prev.",2
"568","Cancer Discov",4
"569","Cancer Epidemiol",4
"570","Cancer Epidemiol. Biomarkers Prev.",9
"571","Cancer Gene Ther.",2
"572","Cancer Genet. Cytogenet.",2
"573","Cancer Genomics Proteomics",4
"574","Cancer Immunol. Immunother.",3
"575","Cancer Inform",3
"576","Cancer Invest.",8
"577","Cancer J",8
"578","Cancer Lett.",20
"579","Cancer Manag Res",1
"580","Cancer Med",3
"581","Cancer Metastasis Rev.",2
"582","Cancer Microenviron",1
"583","Cancer Prev Res (Phila)",3
"584","Cancer Res Treat",1
"585","Cancer Res.",21
"586","Cancer Sci.",16
"587","Cancer Surv.",3
"588","Cancer Treat. Res.",2
"589","Cancer Treat. Rev.",19
"590","Canine Genet Epidemiol",2
"591","Carcinogenesis",7
"592","Card Electrophysiol Clin",1
"593","Cardiol Clin",2
"594","Cardiol J",1
"595","Cardiol Res Pract",2
"596","Cardiol Rev",3
"597","Cardiology",2
"598","Cardiovasc Diabetol",1
"599","Cardiovasc Diagn Ther",1
"600","Cardiovasc Drug Rev",1
"601","Cardiovasc Drugs Ther",9
"602","Cardiovasc Hematol Agents Med Chem",4
"603","Cardiovasc Hematol Disord Drug Targets",2
"604","Cardiovasc Ther",12
"605","Cardiovasc. Res.",12
"606","Cardiovasc. Toxicol.",3
"607","Care Manag J",1
"608","Caring",1
"609","Cas. Lek. Cesk.",6
"610","Case Rep Oncol",1
"611","Catheter Cardiovasc Interv",1
"612","Cell",7
"613","Cell Biochem. Biophys.",1
"614","Cell Biochem. Funct.",2
"615","Cell Biol. Int.",1
"616","Cell Biosci",2
"617","Cell Calcium",1
"618","Cell Chem Biol",3
"619","Cell Cycle",9
"620","Cell Death Differ.",2
"621","Cell Death Dis",3
"622","Cell Death Discov",1
"623","Cell J",1
"624","Cell Metab.",9
"625","Cell Oncol (Dordr)",1
"626","Cell Rep",6
"627","Cell Stem Cell",1
"628","Cell Syst",1
"629","Cell Tissue Bank",2
"630","Cell Transplant",1
"631","Cell. Mol. Biol. (Noisy-le-grand)",2
"632","Cell. Mol. Life Sci.",4
"633","Cell. Mol. Neurobiol.",4
"634","Cell. Physiol. Biochem.",6
"635","Cell. Signal.",5
"636","Cells",1
"637","Cent Afr J Med",1
"638","Cent Asian J Glob Health",1
"639","Cent Eur J Immunol",2
"640","Cent Nerv Syst Agents Med Chem",3
"641","Cephalalgia",3
"642","Cereb. Cortex",2
"643","Cerebellum",1
"644","Cerebrovasc. Dis.",2
"645","Cesk Patol",1
"646","Ceska Slov Farm",2
"647","Chang Gung Med J",1
"648","Chem Biol Drug Des",4
"649","Chem Cent J",2
"650","Chem Immunol Allergy",2
"651","Chem. Biodivers.",3
"652","Chem. Biol.",3
"653","Chem. Biol. Interact.",9
"654","Chem. Commun. (Camb.)",1
"655","Chem. Phys. Lipids",2
"656","Chem. Res. Toxicol.",5
"657","Chem. Rev.",1
"658","ChemistryOpen",1
"659","Chemotherapy",1
"660","Chest",7
"661","Child Adolesc Psychiatr Clin N Am",3
"662","Child Adolesc Psychiatry Ment Health",1
"663","Chin J Cancer",9
"664","Chin J Integr Med",1
"665","Chin J Nat Med",1
"666","Chin Med",2
"667","Chin. Med. J.",2
"668","Christ Sch Rev",1
"669","Chromosoma",1
"670","Chronobiol. Int.",1
"671","Chudoku Kenkyu",1
"672","Circ Arrhythm Electrophysiol",1
"673","Circ Cardiovasc Genet",25
"674","Circ Cardiovasc Interv",2
"675","Circ Cardiovasc Qual Outcomes",1
"676","Circ Genom Precis Med",6
"677","Circ Heart Fail",1
"678","Circ. J.",7
"679","Circ. Res.",31
"680","Circulation",37
"681","Cleve Clin J Med",9
"682","Climacteric",1
"683","Clin Adv Hematol Oncol",13
"684","Clin Allergy Immunol",1
"685","Clin Biochem Rev",2
"686","Clin Cardiol",4
"687","Clin Case Rep",1
"688","Clin Cases Miner Bone Metab",5
"689","Clin Colorectal Cancer",15
"690","Clin Drug Investig",3
"691","Clin Epigenetics",7
"692","Clin Genitourin Cancer",2
"693","Clin Interv Aging",2
"694","Clin Invest Med",2
"695","Clin Investig",1
"696","Clin J Am Soc Nephrol",6
"697","Clin J Oncol Nurs",8
"698","Clin J Pain",7
"699","Clin Kidney J",3
"700","Clin Lab Sci",1
"701","Clin Leadersh Manag Rev",1
"702","Clin Liver Dis",1
"703","Clin Lung Cancer",9
"704","Clin Lymphoma Myeloma",1
"705","Clin Lymphoma Myeloma Leuk",1
"706","Clin Med (Lond)",6
"707","Clin Med Insights Case Rep",1
"708","Clin Med Insights Gastroenterol",1
"709","Clin Med Insights Oncol",1
"710","Clin Med Res",6
"711","Clin Neuropharmacol",7
"712","Clin Nurse Spec",3
"713","Clin Nutr",1
"714","Clin Obstet Gynecol",2
"715","Clin Oncol (R Coll Radiol)",1
"716","Clin Ophthalmol",5
"717","Clin Pediatr (Phila)",2
"718","Clin Perinatol",2
"719","Clin Pharmacokinet",77
"720","Clin Pharmacol",2
"721","Clin Pharmacol Drug Dev",7
"722","Clin Physiol Funct Imaging",1
"723","Clin Proteomics",1
"724","Clin Psychol Sci",1
"725","Clin Psychopharmacol Neurosci",3
"726","Clin Res Cardiol Suppl",1
"727","Clin Res Hepatol Gastroenterol",1
"728","Clin Rev Allergy Immunol",4
"729","Clin Sarcoma Res",1
"730","Clin Schizophr Relat Psychoses",2
"731","Clin Ter",1
"732","Clin Ther",17
"733","Clin Toxicol (Phila)",2
"734","Clin Transl Allergy",1
"735","Clin Transl Immunology",1
"736","Clin Transl Med",3
"737","Clin Transl Oncol",6
"738","Clin Transl Sci",28
"739","Clin Transplant",9
"740","Clin Trials",5
"741","Clin. Appl. Thromb. Hemost.",7
"742","Clin. Biochem.",11
"743","Clin. Breast Cancer",5
"744","Clin. Cancer Res.",93
"745","Clin. Chem.",40
"746","Clin. Chem. Lab. Med.",55
"747","Clin. Chest Med.",1
"748","Clin. Chim. Acta",46
"749","Clin. Dermatol.",1
"750","Clin. Endocrinol. (Oxf)",1
"751","Clin. Exp. Allergy",14
"752","Clin. Exp. Dermatol.",1
"753","Clin. Exp. Hypertens.",2
"754","Clin. Exp. Immunol.",2
"755","Clin. Exp. Med.",1
"756","Clin. Exp. Nephrol.",1
"757","Clin. Exp. Pharmacol. Physiol.",27
"758","Clin. Exp. Rheumatol.",8
"759","Clin. Experiment. Ophthalmol.",3
"760","Clin. Gastroenterol. Hepatol.",5
"761","Clin. Genet.",29
"762","Clin. Geriatr. Med.",1
"763","Clin. Immunol.",5
"764","Clin. Infect. Dis.",12
"765","Clin. Lab.",4
"766","Clin. Lab. Med.",26
"767","Clin. Microbiol. Infect.",1
"768","Clin. Microbiol. Rev.",1
"769","Clin. Neurosci.",1
"770","Clin. Pharmacol. Ther.",447
"771","Clin. Rheumatol.",2
"772","Clin. Sci.",6
"773","Clinics (Sao Paulo)",1
"774","CMAJ",5
"775","CMAJ Open",1
"776","CNS Drugs",15
"777","CNS Neurol Disord Drug Targets",6
"778","CNS Neurosci Ther",11
"779","CNS Spectr",11
"780","Cogn Behav Neurol",1
"781","Cogn Neuropsychiatry",1
"782","Cold Spring Harb Perspect Med",3
"783","Cold Spring Harb Protoc",1
"784","Cold Spring Harb. Symp. Quant. Biol.",1
"785","Coll Antropol",3
"786","Colomb. Med.",3
"787","Comb. Chem. High Throughput Screen.",4
"788","Community Genet",6
"789","Comp. Funct. Genomics",2
"790","Compend Contin Educ Dent",1
"791","Compend Contin Educ Gen Dent",1
"792","Compr Physiol",3
"793","Comput Biol Chem",1
"794","Comput Math Methods Med",3
"795","Comput Methods Programs Biomed",1
"796","Comput Struct Biotechnol J",1
"797","Comput. Biol. Med.",1
"798","Congenit Anom (Kyoto)",2
"799","Congenit Heart Dis",1
"800","Congest Heart Fail",5
"801","Conn Med",2
"802","Consult Pharm",5
"803","Contemp Clin Trials",5
"804","Contemp Oncol (Pozn)",1
"805","Continuum (Minneap Minn)",1
"806","Contraception",1
"807","COPD",1
"808","Coron. Artery Dis.",13
"809","Cortex",1
"810","CPT Pharmacometrics Syst Pharmacol",7
"811","Crit Care",3
"812","Crit Care Nurs Clin North Am",1
"813","Crit Care Nurse",2
"814","Crit Pathw Cardiol",1
"815","Crit Rev Clin Lab Sci",5
"816","Crit Rev Ther Drug Carrier Syst",1
"817","Crit. Care Med.",8
"818","Crit. Rev. Biochem. Mol. Biol.",1
"819","Crit. Rev. Oncol. Hematol.",11
"820","Croat. Med. J.",4
"821","Cuad Bioet",2
"822","Cult Med Psychiatry",3
"823","Cureus",7
"824","Curr Aging Sci",1
"825","Curr Allergy Asthma Rep",7
"826","Curr Alzheimer Res",2
"827","Curr Atheroscler Rep",11
"828","Curr Behav Neurosci Rep",1
"829","Curr Cancer Drug Targets",6
"830","Curr Cardiol Rep",7
"831","Curr Clin Pharmacol",13
"832","Curr Clin Top Infect Dis",1
"833","Curr Comput Aided Drug Des",1
"834","Curr Drug Abuse Rev",1
"835","Curr Drug Deliv",3
"836","Curr Drug Discov Technol",3
"837","Curr Drug Saf",7
"838","Curr Drug Targets",21
"839","Curr Fungal Infect Rep",1
"840","Curr Gastroenterol Rep",2
"841","Curr Gene Ther",1
"842","Curr Genet Med Rep",3
"843","Curr Heart Fail Rep",6
"844","Curr Hematol Malig Rep",1
"845","Curr HIV/AIDS Rep",3
"846","Curr Hypertens Rev",3
"847","Curr Infect Dis Rep",1
"848","Curr Issues Mol Biol",3
"849","Curr Med Chem Anticancer Agents",1
"850","Curr Med Chem Cardiovasc Hematol Agents",1
"851","Curr Med Res Opin",5
"852","Curr Neurol Neurosci Rep",3
"853","Curr Neuropharmacol",4
"854","Curr Obes Rep",1
"855","Curr Oncol Rep",9
"856","Curr Opin Allergy Clin Immunol",11
"857","Curr Opin Anaesthesiol",12
"858","Curr Opin Chem Biol",5
"859","Curr Opin Clin Nutr Metab Care",1
"860","Curr Opin Crit Care",3
"861","Curr Opin Drug Discov Devel",14
"862","Curr Opin Endocrinol Diabetes Obes",5
"863","Curr Opin HIV AIDS",4
"864","Curr Opin Investig Drugs",6
"865","Curr Opin Oncol",8
"866","Curr Opin Organ Transplant",4
"867","Curr Opin Pharmacol",18
"868","Curr Opin Psychiatry",8
"869","Curr Opin Pulm Med",11
"870","Curr Opin Rheumatol",9
"871","Curr Opin Support Palliat Care",3
"872","Curr Opin Urol",2
"873","Curr Opin Virol",1
"874","Curr Osteoporos Rep",1
"875","Curr Pharm Biotechnol",16
"876","Curr Pharm Teach Learn",2
"877","Curr Pharmacogenomics Person Med",34
"878","Curr Pharmacol Rep",1
"879","Curr Probl Cancer",1
"880","Curr Probl Cardiol",1
"881","Curr Probl Pediatr Adolesc Health Care",2
"882","Curr Protoc Bioinformatics",1
"883","Curr Protoc Hum Genet",2
"884","Curr Protoc Pharmacol",2
"885","Curr Psychiatry Rep",16
"886","Curr Psychiatry Rev",1
"887","Curr Rheumatol Rep",2
"888","Curr Ther Res Clin Exp",2
"889","Curr Top Behav Neurosci",5
"890","Curr Top Med Chem",18
"891","Curr Transplant Rep",1
"892","Curr Treat Options Cardiovasc Med",5
"893","Curr Treat Options Oncol",2
"894","Curr Treat Options Psychiatry",1
"895","Curr Vasc Pharmacol",9
"896","Curr. Biol.",6
"897","Curr. Diab. Rep.",4
"898","Curr. Drug Metab.",76
"899","Curr. Drug Targets Immune Endocr. Metabol. Disord.",1
"900","Curr. Eye Res.",1
"901","Curr. Genet.",2
"902","Curr. Genomics",7
"903","Curr. Hematol. Rep.",1
"904","Curr. HIV Res.",1
"905","Curr. Hypertens. Rep.",12
"906","Curr. Med. Chem.",17
"907","Curr. Mol. Med.",12
"908","Curr. Opin. Biotechnol.",4
"909","Curr. Opin. Cardiol.",13
"910","Curr. Opin. Gastroenterol.",2
"911","Curr. Opin. Genet. Dev.",3
"912","Curr. Opin. Hematol.",5
"913","Curr. Opin. Immunol.",1
"914","Curr. Opin. Infect. Dis.",2
"915","Curr. Opin. Lipidol.",7
"916","Curr. Opin. Mol. Ther.",33
"917","Curr. Opin. Nephrol. Hypertens.",8
"918","Curr. Opin. Neurobiol.",1
"919","Curr. Opin. Neurol.",6
"920","Curr. Opin. Obstet. Gynecol.",2
"921","Curr. Opin. Pediatr.",9
"922","Curr. Pharm. Des.",81
"923","Cutan Ocul Toxicol",1
"924","Cytogenet. Genome Res.",7
"925","Cytokine",3
"926","Cytokine Growth Factor Rev.",2
"927","Cytometry",1
"928","Cytometry A",1
"929","Daru",1
"930","Data Brief",1
"931","Database (Oxford)",4
"932","De Paul Law Rev",1
"933","Del Med J",2
"934","Dement Geriatr Cogn Disord",1
"935","DePaul J Health Care Law",1
"936","Depress Anxiety",7
"937","Dermatol Clin",2
"938","Dermatol Ther",1
"939","Dev Biol (Basel)",1
"940","Dev Disabil Res Rev",3
"941","Dev Med Child Neurol",2
"942","Dev Pharmacol Ther",1
"943","Dev World Bioeth",1
"944","Dev. Growth Differ.",1
"945","Diabet. Med.",4
"946","Diabetes",20
"947","Diabetes Care",8
"948","Diabetes Educ",1
"949","Diabetes Metab Syndr",2
"950","Diabetes Metab Syndr Obes",1
"951","Diabetes Obes Metab",5
"952","Diabetes Res. Clin. Pract.",7
"953","Diabetes Technol. Ther.",2
"954","Diabetol Metab Syndr",1
"955","Diabetologia",10
"956","Diagn. Microbiol. Infect. Dis.",9
"957","Dialogues Clin Neurosci",25
"958","Dig Dis",1
"959","Dig Liver Dis",2
"960","Dig. Dis. Sci.",6
"961","Dis Manag",1
"962","Dis Model Mech",1
"963","Dis. Colon Rectum",2
"964","Dis. Esophagus",1
"965","Dis. Markers",11
"966","Discov Med",11
"967","Diseases",2
"968","DNA Cell Biol.",5
"969","DNA Repair (Amst.)",1
"970","DNA Res.",2
"971","Doc Ophthalmol",1
"972","Drug Alcohol Depend",8
"973","Drug Alcohol Rev",1
"974","Drug Chem Toxicol",1
"975","Drug Des Devel Ther",19
"976","Drug Dev. Res.",3
"977","Drug Discov Ther",3
"978","Drug Discov Today Technol",4
"979","Drug Discov. Today",64
"980","Drug Metab Lett",7
"981","Drug Metab Pers Ther",35
"982","Drug Metab. Dispos.",136
"983","Drug Metab. Pharmacokinet.",91
"984","Drug Metab. Rev.",48
"985","Drug Metabol Drug Interact",34
"986","Drug News Perspect.",14
"987","Drug Res (Stuttg)",1
"988","Drug Resist. Updat.",8
"989","Drug Saf",25
"990","Drug Saf Case Rep",1
"991","Drug Test Anal",1
"992","Drug Ther Bull",1
"993","Drugs",5
"994","Drugs Aging",4
"995","Drugs R D",2
"996","Drugs Real World Outcomes",1
"997","Drugs Today",8
"998","Dtsch. Med. Wochenschr.",29
"999","Duke Med Health News",2
"1000","Duodecim",5
"1001","Early Hum. Dev.",1
"1002","East Asian Arch Psychiatry",1
"1003","EBioMedicine",8
"1004","EGEMS (Wash DC)",1
"1005","EHP Toxicogenomics",9
"1006","Einstein (Sao Paulo)",1
"1007","EJIFCC",8
"1008","Eksp Klin Farmakol",12
"1009","Electrophoresis",2
"1010","Elife",5
"1011","EMBO J.",2
"1012","EMBO Mol Med",1
"1013","EMBO Rep.",5
"1014","Emory Law J",1
"1015","Empl Benefits J",1
"1016","Encephale",7
"1017","Endocr Dev",1
"1018","Endocr Metab Immune Disord Drug Targets",2
"1019","Endocr Pract",1
"1020","Endocr Regul",1
"1021","Endocr. J.",4
"1022","Endocr. Relat. Cancer",3
"1023","Endocr. Res.",2
"1024","Endocr. Rev.",2
"1025","Endocrine",1
"1026","Endocrinol. Metab. Clin. North Am.",1
"1027","Endocrinology",7
"1028","Enferm. Infecc. Microbiol. Clin.",7
"1029","Environ Health",1
"1030","Environ. Health Perspect.",16
"1031","Environ. Mol. Mutagen.",4
"1032","Environ. Res.",3
"1033","Environ. Toxicol.",2
"1034","Environ. Toxicol. Pharmacol.",8
"1035","Enzyme",1
"1036","Enzyme Res",1
"1037","Epidemiol Prev",1
"1038","Epidemiol Psychiatr Sci",1
"1039","Epidemiology",1
"1040","Epigenetics",2
"1041","Epigenetics Chromatin",3
"1042","Epigenomics",5
"1043","Epilepsia",47
"1044","Epilepsy Behav",5
"1045","Epilepsy Curr",1
"1046","Epilepsy Res.",14
"1047","Epileptic Disord",2
"1048","EPMA J",6
"1049","Ernst Schering Res. Found. Workshop",10
"1050","ESC Heart Fail",1
"1051","ESMO Open",3
"1052","Essent Psychopharmacol",1
"1053","Ethn Dis",3
"1054","Eubios J Asian Int Bioeth",1
"1055","Eur Arch Otorhinolaryngol",1
"1056","Eur Arch Paediatr Dent",1
"1057","Eur Arch Psychiatry Clin Neurosci",18
"1058","Eur Child Adolesc Psychiatry",2
"1059","Eur Clin Respir J",1
"1060","Eur J Anaesthesiol",5
"1061","Eur J Cancer Care (Engl)",1
"1062","Eur J Clin Chem Clin Biochem",1
"1063","Eur J Clin Nutr",3
"1064","Eur J Dermatol",2
"1065","Eur J Drug Metab Pharmacokinet",10
"1066","Eur J Gastroenterol Hepatol",2
"1067","Eur J Haematol Suppl",1
"1068","Eur J Med Chem",8
"1069","Eur J Med Genet",1
"1070","Eur J Pain",2
"1071","Eur J Pharm Biopharm",1
"1072","Eur J Pharm Sci",21
"1073","Eur J Prev Cardiol",1
"1074","Eur J Surg Oncol",1
"1075","Eur J Surg Suppl",1
"1076","Eur J Vasc Endovasc Surg",1
"1077","Eur Neuropsychopharmacol",34
"1078","Eur Rev Med Pharmacol Sci",8
"1079","Eur. Heart J.",13
"1080","Eur. J. Biochem.",2
"1081","Eur. J. Cancer",31
"1082","Eur. J. Cancer Prev.",1
"1083","Eur. J. Clin. Invest.",4
"1084","Eur. J. Clin. Microbiol. Infect. Dis.",4
"1085","Eur. J. Clin. Pharmacol.",163
"1086","Eur. J. Endocrinol.",6
"1087","Eur. J. Epidemiol.",2
"1088","Eur. J. Gynaecol. Oncol.",1
"1089","Eur. J. Haematol.",6
"1090","Eur. J. Heart Fail.",4
"1091","Eur. J. Hum. Genet.",19
"1092","Eur. J. Immunol.",3
"1093","Eur. J. Intern. Med.",4
"1094","Eur. J. Med. Res.",2
"1095","Eur. J. Neurol.",3
"1096","Eur. J. Neurosci.",1
"1097","Eur. J. Nucl. Med. Mol. Imaging",1
"1098","Eur. J. Obstet. Gynecol. Reprod. Biol.",2
"1099","Eur. J. Paediatr. Neurol.",3
"1100","Eur. J. Pediatr.",5
"1101","Eur. J. Pharmacol.",32
"1102","Eur. Neurol.",1
"1103","Eur. Psychiatry",2
"1104","Eur. Respir. J.",7
"1105","Eur. Urol.",7
"1106","EuroIntervention",1
"1107","Evid Based Cardiovasc Med",1
"1108","Evid Based Complement Alternat Med",21
"1109","Evol. Bioinform. Online",1
"1110","EXCLI J",1
"1111","Exp Brain Res",1
"1112","Exp Clin Psychopharmacol",3
"1113","Exp Clin Transplant",5
"1114","Exp Ther Med",9
"1115","Exp. Biol. Med. (Maywood)",11
"1116","Exp. Dermatol.",4
"1117","Exp. Eye Res.",1
"1118","Exp. Hematol.",1
"1119","Exp. Lung Res.",1
"1120","Exp. Mol. Pathol.",2
"1121","Exp. Physiol.",2
"1122","Experientia",1
"1123","Expert Opin Biol Ther",11
"1124","Expert Opin Drug Deliv",2
"1125","Expert Opin Drug Discov",12
"1126","Expert Opin Drug Metab Toxicol",167
"1127","Expert Opin Drug Saf",20
"1128","Expert Opin Emerg Drugs",9
"1129","Expert Opin Investig Drugs",13
"1130","Expert Opin Med Diagn",3
"1131","Expert Opin Orphan Drugs",1
"1132","Expert Opin Pharmacother",62
"1133","Expert Opin Ther Pat",3
"1134","Expert Opin. Ther. Targets",12
"1135","Expert Rev Anti Infect Ther",2
"1136","Expert Rev Anticancer Ther",4
"1137","Expert Rev Cardiovasc Ther",16
"1138","Expert Rev Clin Immunol",9
"1139","Expert Rev Clin Pharmacol",33
"1140","Expert Rev Endocrinol Metab",2
"1141","Expert Rev Gastroenterol Hepatol",7
"1142","Expert Rev Hematol",3
"1143","Expert Rev Mol Med",2
"1144","Expert Rev Neurother",12
"1145","Expert Rev Ophthalmol",1
"1146","Expert Rev Pharmacoecon Outcomes Res",6
"1147","Expert Rev Precis Med Drug Dev",2
"1148","Expert Rev Respir Med",5
"1149","Expert Rev. Mol. Diagn.",63
"1150","EXS",1
"1151","Eye (Lond)",3
"1152","F1000 Biol Rep",1
"1153","F1000Res",8
"1154","Fa Yi Xue Za Zhi",2
"1155","Fam Med",1
"1156","Fam. Cancer",1
"1157","Farm Hosp",6
"1158","Farmakol Toksikol",1
"1159","FASEB J.",2
"1160","FDA Consum",7
"1161","FEBS J.",3
"1162","FEBS Lett.",18
"1163","FEBS Open Bio",1
"1164","Fed Regist",2
"1165","Fed. Proc.",6
"1166","FEMS Microbiol. Lett.",2
"1167","FEMS Yeast Res.",1
"1168","Fertil. Steril.",5
"1169","Fetal Pediatr Pathol",1
"1170","Fibrogenesis Tissue Repair",1
"1171","Find Brief",1
"1172","Fitoterapia",2
"1173","Fiziol Cheloveka",2
"1174","Fluids Barriers CNS",1
"1175","Food Chem",1
"1176","Food Chem. Toxicol.",1
"1177","Food Drug Law J",8
"1178","Forensic Sci Int Genet",1
"1179","Forensic Sci Med Pathol",1
"1180","Forensic Sci. Int.",12
"1181","Fortschr Neurol Psychiatr",2
"1182","Fortune",8
"1183","Free Radic. Biol. Med.",7
"1184","Front Aging Neurosci",2
"1185","Front Behav Neurosci",1
"1186","Front Biosci (Elite Ed)",5
"1187","Front Biosci (Landmark Ed)",4
"1188","Front Biosci (Schol Ed)",1
"1189","Front Cell Infect Microbiol",1
"1190","Front Cell Neurosci",1
"1191","Front Endocrinol (Lausanne)",9
"1192","Front Genet",37
"1193","Front Health Serv Manage",1
"1194","Front Immunol",4
"1195","Front Med",4
"1196","Front Med (Lausanne)",2
"1197","Front Microbiol",2
"1198","Front Mol Biosci",1
"1199","Front Neurol",2
"1200","Front Neurol Neurosci",2
"1201","Front Neurosci",6
"1202","Front Oncol",2
"1203","Front Pediatr",3
"1204","Front Pharmacol",91
"1205","Front Physiol",4
"1206","Front Psychiatry",3
"1207","Front Synaptic Neurosci",1
"1208","Front Syst Neurosci",2
"1209","Front. Biosci.",3
"1210","Frontline Gastroenterol",2
"1211","Fukuoka Igaku Zasshi",4
"1212","Funct. Integr. Genomics",2
"1213","Fundam Clin Pharmacol",17
"1214","Future Cardiol",14
"1215","Future Med Chem",3
"1216","Future Oncol",18
"1217","Future Sci OA",3
"1218","G Chir",1
"1219","G Ital Cardiol (Rome)",2
"1220","G Ital Dermatol Venereol",1
"1221","G Ital Nefrol",4
"1222","G3 (Bethesda)",1
"1223","Gac Med Mex",4
"1224","Gan To Kagaku Ryoho",17
"1225","Gaoxiong Yi Xue Ke Xue Za Zhi",1
"1226","Gastric Cancer",2
"1227","Gastroenterol Hepatol",1
"1228","Gastroenterol Hepatol (N Y)",2
"1229","Gastroenterol Res Pract",1
"1230","Gastroenterol. Clin. North Am.",4
"1231","Gastroenterology",21
"1232","Gastrointest Cancer Res",4
"1233","Geburtshilfe Frauenheilkd",2
"1234","Gen Hosp Psychiatry",3
"1235","Gen. Pharmacol.",1
"1236","Gend Med",3
"1237","Gene",25
"1238","Gene Ther.",8
"1239","Genes (Basel)",6
"1240","Genes Brain Behav.",5
"1241","Genes Cells",13
"1242","Genes Dev.",1
"1243","Genes Environ",1
"1244","Genes Genet. Syst.",1
"1245","Genes Immun.",3
"1246","Genet Res (Camb)",1
"1247","Genet Test Mol Biomarkers",22
"1248","Genet. Couns.",1
"1249","Genet. Epidemiol.",4
"1250","Genet. Med.",41
"1251","Genet. Mol. Biol.",2
"1252","Genet. Mol. Res.",10
"1253","Genet. Test.",2
"1254","Genetics",12
"1255","Genewatch",3
"1256","Genom Data",3
"1257","Genome",1
"1258","Genome Announc",5
"1259","Genome Biol Evol",1
"1260","Genome Biol.",12
"1261","Genome Inform",1
"1262","Genome Integr",3
"1263","Genome Med",29
"1264","Genome Res.",10
"1265","Genomic Med",3
"1266","Genomics",8
"1267","Genomics Proteomics Bioinformatics",11
"1268","Geriatrics",1
"1269","Gesundheitswesen",1
"1270","Ghana Med J",3
"1271","Gigascience",1
"1272","Ginekol. Pol.",4
"1273","Glob Health Epidemiol Genom",2
"1274","Glob Public Health",1
"1275","GMHC Treat Issues",1
"1276","GMS Health Technol Assess",1
"1277","Graefes Arch. Clin. Exp. Ophthalmol.",3
"1278","Growth Horm. IGF Res.",1
"1279","Gut",8
"1280","Gut Liver",2
"1281","Gynakol Geburtshilfliche Rundsch",1
"1282","Gynecol. Endocrinol.",3
"1283","Gynecol. Oncol.",6
"1284","Haematologica",11
"1285","Haemophilia",1
"1286","Hamostaseologie",1
"1287","Handb Clin Neurol",6
"1288","Handb Exp Pharmacol",16
"1289","Harefuah",8
"1290","Harv Health Lett",2
"1291","Harv Heart Lett",2
"1292","Harv Ment Health Lett",2
"1293","Harv Rev Psychiatry",4
"1294","Hastings Cent Rep",2
"1295","Hautarzt",2
"1296","Hawaii J Med Public Health",1
"1297","Hawaii Med J",1
"1298","HBPD INT",3
"1299","Head Neck",3
"1300","Headache",2
"1301","Health (London)",1
"1302","Health Aff (Millwood)",11
"1303","Health Commun",1
"1304","Health Data Manag",1
"1305","Health Educ Behav",1
"1306","Health Matrix Clevel",2
"1307","Health Policy",3
"1308","Health Promot Pract",1
"1309","Health Serv J",2
"1310","Health Serv Res",1
"1311","Health Serv Res Manag Epidemiol",1
"1312","Health Technol Assess",3
"1313","Hear. Res.",1
"1314","Heart",5
"1315","Heart Advis",1
"1316","Heart Dis",2
"1317","Heart Fail Clin",9
"1318","Heart Fail Rev",10
"1319","Heart Rhythm",5
"1320","Heliyon",1
"1321","Hematol. Oncol. Clin. North Am.",2
"1322","Hematology",2
"1323","Hematology Am Soc Hematol Educ Program",12
"1324","Hemoglobin",1
"1325","Hepat Med",1
"1326","Hepatol Commun",1
"1327","Hepatol Int",2
"1328","Hepatol. Res.",3
"1329","Hepatology",30
"1330","Hereditas",1
"1331","High Throughput",1
"1332","Hippocampus",1
"1333","HIV Clin Trials",2
"1334","HIV Med.",2
"1335","HLA",4
"1336","HNO",1
"1337","Hopkins HIV Rep",2
"1338","Horm Behav",1
"1339","Horm Cancer",1
"1340","Horm Res Paediatr",2
"1341","Horm. Metab. Res.",5
"1342","Horm. Res.",2
"1343","Hormones (Athens)",4
"1344","Hosp Health Netw",2
"1345","Hosp Med",1
"1346","Hosp Pharm",1
"1347","Hosp Pract (1995)",2
"1348","Hosp Q",2
"1349","HPB (Oxford)",1
"1350","Hu Li Za Zhi",1
"1351","Hum Exp Toxicol",1
"1352","Hum Genome Var",2
"1353","Hum Genomics Proteomics",3
"1354","Hum Psychopharmacol",18
"1355","Hum. Biol.",2
"1356","Hum. Gene Ther.",3
"1357","Hum. Genet.",18
"1358","Hum. Genomics",22
"1359","Hum. Hered.",6
"1360","Hum. Immunol.",7
"1361","Hum. Mol. Genet.",34
"1362","Hum. Mutat.",33
"1363","Hum. Pathol.",2
"1364","Hum. Reprod.",1
"1365","Hum. Reprod. Update",1
"1366","Hybrid. Hybridomics",1
"1367","Hybridoma (Larchmt)",1
"1368","Hypertens. Res.",4
"1369","Hypertension",15
"1370","IARC Sci. Publ.",1
"1371","Ideggyogy Sz",1
"1372","IDrugs",25
"1373","IEEE Eng Med Biol Mag",1
"1374","IEEE J Biomed Health Inform",2
"1375","IEEE Trans Nanobioscience",1
"1376","IEEE/ACM Trans Comput Biol Bioinform",2
"1377","Ig Sanita Pubbl",2
"1378","ILAR J",2
"1379","Immun Inflamm Dis",2
"1380","Immunogenetics",3
"1381","Immunol Allergy Clin North Am",6
"1382","Immunol. Cell Biol.",1
"1383","Immunol. Invest.",4
"1384","Immunol. Lett.",1
"1385","Immunol. Res.",3
"1386","Immunopharmacol Immunotoxicol",1
"1387","Immunotherapy",3
"1388","In Vitro Cell. Dev. Biol. Anim.",1
"1389","In Vivo",1
"1390","Ind Psychiatry J",1
"1391","Indian Heart J",1
"1392","Indian J Clin Biochem",2
"1393","Indian J Dermatol",1
"1394","Indian J Hematol Blood Transfus",1
"1395","Indian J Hum Genet",11
"1396","Indian J Med Sci",1
"1397","Indian J Nephrol",1
"1398","Indian J Palliat Care",1
"1399","Indian J Pediatr",4
"1400","Indian J Pharm Sci",2
"1401","Indian J Pharmacol",9
"1402","Indian J. Biochem. Biophys.",2
"1403","Indian J. Exp. Biol.",1
"1404","Indian J. Med. Res.",16
"1405","Indian J. Physiol. Pharmacol.",1
"1406","Indian Pacing Electrophysiol J",1
"1407","Infect Disord Drug Targets",1
"1408","Infect. Dis. Clin. North Am.",2
"1409","Infect. Genet. Evol.",9
"1410","Infection",2
"1411","Infez Med",1
"1412","Inflamm. Bowel Dis.",12
"1413","Inflamm. Res.",1
"1414","Inflammation",2
"1415","Inflammopharmacology",1
"1416","Injury",1
"1417","Int Anesthesiol Clin",2
"1418","Int Angiol",1
"1419","Int Clin Psychopharmacol",7
"1420","Int J Alzheimers Dis",1
"1421","Int J Appl Basic Med Res",1
"1422","Int J Bioinform Res Appl",1
"1423","Int J Biomed Sci",1
"1424","Int J Chron Obstruct Pulmon Dis",2
"1425","Int J Circumpolar Health",2
"1426","Int J Clin Exp Med",4
"1427","Int J Clin Exp Pathol",8
"1428","Int J Clin Pharm",13
"1429","Int J Clin Pharmacol Ther",30
"1430","Int J Clin Pharmacol Ther Toxicol",2
"1431","Int J Colorectal Dis",2
"1432","Int J Comput Biol Drug Des",1
"1433","Int J Data Min Bioinform",1
"1434","Int J Eat Disord",1
"1435","Int J Endocrinol",8
"1436","Int J Environ Res Public Health",13
"1437","Int J Epidemiol",1
"1438","Int J Food Sci Nutr",1
"1439","Int J Genomics",3
"1440","Int J Geriatr Psychiatry",1
"1441","Int J Health Serv",2
"1442","Int J Hepatol",1
"1443","Int J HIV AIDS Res",1
"1444","Int J Hyperthermia",1
"1445","Int J Immunopathol Pharmacol",4
"1446","Int J Med Inform",4
"1447","Int J Med Sci",3
"1448","Int J Mol Epidemiol Genet",3
"1449","Int J Mol Sci",61
"1450","Int J Nanomedicine",6
"1451","Int J Obes (Lond)",1
"1452","Int J Obstet Anesth",2
"1453","Int J Pediatr",1
"1454","Int J Pediatr Endocrinol",1
"1455","Int J Pharm",9
"1456","Int J Pharm Compd",7
"1457","Int J Psychiatry Clin Pract",2
"1458","Int J Psychiatry Med",1
"1459","Int J Rheum Dis",4
"1460","Int J Risk Saf Med",1
"1461","Int J STD AIDS",3
"1462","Int J Stroke",2
"1463","Int J Technol Assess Health Care",6
"1464","Int Rev Psychiatry",8
"1465","Int Surg",1
"1466","Int Urol Nephrol",1
"1467","Int. Arch. Allergy Immunol.",2
"1468","Int. Immunopharmacol.",5
"1469","Int. J. Antimicrob. Agents",5
"1470","Int. J. Biochem. Cell Biol.",5
"1471","Int. J. Biol. Markers",3
"1472","Int. J. Cancer",21
"1473","Int. J. Cardiol.",14
"1474","Int. J. Clin. Oncol.",9
"1475","Int. J. Clin. Pract.",3
"1476","Int. J. Dermatol.",3
"1477","Int. J. Gynecol. Cancer",3
"1478","Int. J. Hematol.",3
"1479","Int. J. Immunogenet.",5
"1480","Int. J. Impot. Res.",1
"1481","Int. J. Legal Med.",2
"1482","Int. J. Mol. Med.",11
"1483","Int. J. Neuropsychopharmacol.",25
"1484","Int. J. Neurosci.",2
"1485","Int. J. Oncol.",7
"1486","Int. J. Pediatr. Otorhinolaryngol.",2
"1487","Int. J. Radiat. Biol.",1
"1488","Int. J. Radiat. Oncol. Biol. Phys.",1
"1489","Int. J. Toxicol.",3
"1490","Int. J. Tuberc. Lung Dis.",4
"1491","Int. Rev. Immunol.",1
"1492","Int. Rev. Neurobiol.",6
"1493","Int. Symp. Princess Takamatsu Cancer Res. Fund",1
"1494","Interact Cardiovasc Thorac Surg",2
"1495","Interact J Med Res",1
"1496","Interdiscip Sci",4
"1497","Interface Focus",1
"1498","Intern Emerg Med",3
"1499","Intern Med J",6
"1500","Internist (Berl)",9
"1501","Interv Cardiol Clin",2
"1502","Intervirology",1
"1503","Invest Clin",1
"1504","Invest New Drugs",11
"1505","Invest. Ophthalmol. Vis. Sci.",3
"1506","Ir J Med Sci",1
"1507","Iran J Basic Med Sci",1
"1508","Iran J Parasitol",2
"1509","Iran J Pharm Res",1
"1510","Iran. Biomed. J.",1
"1511","Isr. Med. Assoc. J.",3
"1512","ISRN Neurol",1
"1513","ISRN Pharm",1
"1514","ISRN Pharmacol",1
"1515","Issues Emerg Health Technol",2
"1516","Ital Heart J",2
"1517","Ital Heart J Suppl",1
"1518","IUBMB Life",2
"1519","J Addict Dis",1
"1520","J Addict Nurs",1
"1521","J Adolesc Young Adult Oncol",1
"1522","J Adv Nurs",1
"1523","J Adv Pharm Technol Res",1
"1524","J Affect Disord",13
"1525","J AHIMA",1
"1526","J Alcohol Drug Depend",1
"1527","J Allergy Clin Immunol Pract",6
"1528","J Altern Complement Med",1
"1529","J Am Acad Child Adolesc Psychiatry",6
"1530","J Am Acad Nurse Pract",3
"1531","J Am Acad Orthop Surg",1
"1532","J Am Assoc Nurse Pract",2
"1533","J Am Board Fam Med",1
"1534","J Am Dent Assoc",1
"1535","J Am Heart Assoc",15
"1536","J Am Med Dir Assoc",4
"1537","J Am Med Inform Assoc",18
"1538","J Am Osteopath Assoc",1
"1539","J Am Pharm Assoc (2003)",12
"1540","J Am Pharm Assoc (Wash)",6
"1541","J Am Psychiatr Nurses Assoc",1
"1542","J Amino Acids",1
"1543","J Anaesthesiol Clin Pharmacol",1
"1544","J Anal Toxicol",6
"1545","J Appl Toxicol",1
"1546","J Assoc Physicians India",6
"1547","J Asthma",4
"1548","J Ayub Med Coll Abbottabad",1
"1549","J Ayurveda Integr Med",1
"1550","J Bioinform Comput Biol",1
"1551","J Biolaw Bus",3
"1552","J Biomed Inform",17
"1553","J Biomed Opt",1
"1554","J Biomed Semantics",5
"1555","J Biomol Screen",1
"1556","J Biomol Tech",2
"1557","J Biopharm Stat",16
"1558","J Bone Joint Surg Am",1
"1559","J Bone Oncol",1
"1560","J Bras Pneumol",1
"1561","J Breast Cancer",1
"1562","J Breath Res",1
"1563","J BUON",8
"1564","J Calif Dent Assoc",1
"1565","J Can Acad Child Adolesc Psychiatry",2
"1566","J Cancer",2
"1567","J Cancer Res Ther (Manch)",1
"1568","J Cancer Ther",1
"1569","J Carcinog",2
"1570","J Cardiol",1
"1571","J Cardiovasc Dis Res",1
"1572","J Cardiovasc Med (Hagerstown)",1
"1573","J Cardiovasc Transl Res",9
"1574","J Chem Inf Model",2
"1575","J Cheminform",1
"1576","J Chemother",11
"1577","J Child Adolesc Psychiatr Nurs",3
"1578","J Child Adolesc Psychopharmacol",13
"1579","J Chromatogr A",5
"1580","J Chromatogr Sci",1
"1581","J Clin Anesth",1
"1582","J Clin Bioinforma",1
"1583","J Clin Epidemiol",6
"1584","J Clin Exp Hepatol",1
"1585","J Clin Hypertens (Greenwich)",3
"1586","J Clin Lipidol",5
"1587","J Clin Med",1
"1588","J Clin Med Res",1
"1589","J Clin Neurosci",3
"1590","J Clin Nurs",1
"1591","J Clin Orthod",1
"1592","J Clin Pharm Ther",62
"1593","J Clin Pharmacol",102
"1594","J Clin Psychiatry",33
"1595","J Clin Psychopharmacol",37
"1596","J Community Genet",3
"1597","J Community Health",2
"1598","J Community Med Health Educ",1
"1599","J Comp Eff Res",2
"1600","J Complement Integr Med",1
"1601","J Contemp Health Law Policy",2
"1602","J Contin Educ Health Prof",1
"1603","J Contin Educ Nurs",1
"1604","J Control Release",11
"1605","J Craniomaxillofac Surg",1
"1606","J Crit Care",1
"1607","J Crohns Colitis",3
"1608","J Dent Educ",1
"1609","J Dermatolog Treat",3
"1610","J Diabetes",3
"1611","J Diabetes Investig",1
"1612","J Diabetes Metab Disord",1
"1613","J Diabetes Res",2
"1614","J Diabetes Sci Technol",5
"1615","J Drug Target",2
"1616","J Dtsch Dermatol Ges",3
"1617","J Egypt Natl Canc Inst",2
"1618","J Empir Res Hum Res Ethics",1
"1619","J Endocr Soc",2
"1620","J Epidemiol",3
"1621","J Epidemiol Community Health",1
"1622","J Ethnopharmacol",14
"1623","J Eur Acad Dermatol Venereol",3
"1624","J Eval Clin Pract",4
"1625","J Exp Pharmacol",1
"1626","J Fam Pract",2
"1627","J Food Drug Anal",4
"1628","J Forensic Leg Med",3
"1629","J Gastrointest Oncol",1
"1630","J Gastrointestin Liver Dis",2
"1631","J Gen Intern Med",6
"1632","J Gend Specif Med",3
"1633","J Gene Med",2
"1634","J Genet Couns",3
"1635","J Genet Syndr Gene Ther",1
"1636","J Geriatr Psychiatry Neurol",1
"1637","J Ginseng Res",2
"1638","J Glob Antimicrob Resist",1
"1639","J Gynecol Oncol",1
"1640","J Headache Pain",7
"1641","J Health Commun",1
"1642","J Health Life Sci Law",2
"1643","J Health Serv Res Policy",2
"1644","J Hematol Oncol",1
"1645","J Hist Med Allied Sci",1
"1646","J HIV Ther",2
"1647","J Hum Hypertens",4
"1648","J Immunol Res",2
"1649","J Infus Nurs",1
"1650","J Integr Bioinform",1
"1651","J Interv Card Electrophysiol",1
"1652","J Investig Allergol Clin Immunol",3
"1653","J Investig Med High Impact Case Rep",1
"1654","J Laryngol Otol",1
"1655","J Law Biosci",1
"1656","J Law Med",4
"1657","J Law Med Ethics",7
"1658","J Leg Med",2
"1659","J Low Genit Tract Dis",1
"1660","J Magn Reson Imaging",1
"1661","J Manag Care Pharm",5
"1662","J Manag Care Spec Pharm",2
"1663","J Mass Spectrom",1
"1664","J Med Assoc Ga",1
"1665","J Med Assoc Thai",2
"1666","J Med Biochem",5
"1667","J Med Econ",3
"1668","J Med Ethics",2
"1669","J Med Liban",1
"1670","J Med Libr Assoc",2
"1671","J Med Life",1
"1672","J Med Syst",4
"1673","J Med Toxicol",1
"1674","J Ment Health",1
"1675","J Microbiol Immunol Infect",2
"1676","J Microencapsul",1
"1677","J Midwifery Womens Health",3
"1678","J Mol Diagn",13
"1679","J Mol Model",1
"1680","J Musculoskelet Neuronal Interact",1
"1681","J Nanosci Nanotechnol",1
"1682","J Nat Sci",1
"1683","J Natl Compr Canc Netw",2
"1684","J Natl Med Assoc",3
"1685","J Neural Transm (Vienna)",16
"1686","J Neuroinflammation",1
"1687","J Neuropsychiatry Clin Neurosci",2
"1688","J Nucleic Acids",1
"1689","J Nurs Scholarsh",2
"1690","J Nutrigenet Nutrigenomics",1
"1691","J Obstet Gynaecol",1
"1692","J Oncol",1
"1693","J Oncol Pharm Pract",6
"1694","J Oncol Pract",2
"1695","J Ophthalmol",1
"1696","J Opioid Manag",3
"1697","J Paediatr Child Health",2
"1698","J Pain Palliat Care Pharmacother",5
"1699","J Pain Res",5
"1700","J Pain Symptom Manage",5
"1701","J Pak Med Assoc",1
"1702","J Pathol Inform",1
"1703","J Patient Saf",2
"1704","J Pediatr (Rio J)",2
"1705","J Pediatr Genet",1
"1706","J Pediatr Nurs",2
"1707","J Pediatr Oncol Nurs",1
"1708","J Pediatr Pharmacol Ther",10
"1709","J Perinatol",2
"1710","J Pers Med",26
"1711","J Pers Nanomed",1
"1712","J Pharm Bioallied Sci",1
"1713","J Pharm Biomed Anal",25
"1714","J Pharm Pharm Sci",6
"1715","J Pharm Pract",9
"1716","J Pharm Sci",16
"1717","J Pharmacogenomics Pharmacoproteomics",9
"1718","J Pharmacokinet Biopharm",1
"1719","J Pharmacokinet Pharmacodyn",4
"1720","J Pharmacol Toxicol Methods",3
"1721","J Popul Ther Clin Pharmacol",6
"1722","J Postgrad Med",5
"1723","J Prev Alzheimers Dis",1
"1724","J Prev Med Public Health",1
"1725","J Prof Nurs",1
"1726","J Prosthodont",1
"1727","J Proteomics",1
"1728","J Psychiatr Ment Health Nurs",2
"1729","J Psychiatr Pract",5
"1730","J Psychiatr Res",16
"1731","J Psychiatry Neurosci",8
"1732","J Psychosoc Nurs Ment Health Serv",7
"1733","J Public Health Afr",1
"1734","J R Coll Physicians Edinb",1
"1735","J R Soc Interface",2
"1736","J R Soc Med",2
"1737","J Renin Angiotensin Aldosterone Syst",1
"1738","J Res Pharm Pract",2
"1739","J Sep Sci",3
"1740","J Sex Med",2
"1741","J Signal Transduct",1
"1742","J Sports Sci Med",1
"1743","J Stroke",1
"1744","J Stroke Cerebrovasc Dis",3
"1745","J Stud Alcohol Drugs Suppl",1
"1746","J Stud Alcohol Suppl",1
"1747","J Subst Abuse Treat",1
"1748","J Support Oncol",2
"1749","J Surg Oncol",4
"1750","J Tehran Heart Cent",1
"1751","J Thorac Dis",1
"1752","J Thorac Oncol",14
"1753","J Tissue Eng Regen Med",1
"1754","J Toxicol Environ Health B Crit Rev",2
"1755","J Toxicol Sci",1
"1756","J Tradit Complement Med",1
"1757","J Transcult Nurs",1
"1758","J Transl Med",10
"1759","J Trauma Nurs",1
"1760","J Vasc Interv Radiol",1
"1761","J Vasc Nurs",1
"1762","J Vis Exp",2
"1763","J Womens Health (Larchmt)",1
"1764","J Womens Health Gend Based Med",2
"1765","J Wound Ostomy Continence Nurs",1
"1766","J Zhejiang Univ Sci B",2
"1767","J. Acquir. Immune Defic. Syndr.",6
"1768","J. Agric. Food Chem.",2
"1769","J. Allergy Clin. Immunol.",41
"1770","J. Alzheimers Dis.",13
"1771","J. Am. Acad. Dermatol.",4
"1772","J. Am. Chem. Soc.",2
"1773","J. Am. Coll. Cardiol.",26
"1774","J. Am. Soc. Nephrol.",4
"1775","J. Am. Vet. Med. Assoc.",1
"1776","J. Antimicrob. Chemother.",33
"1777","J. Appl. Genet.",8
"1778","J. Appl. Physiol.",4
"1779","J. Assist. Reprod. Genet.",2
"1780","J. Atheroscler. Thromb.",2
"1781","J. Autoimmun.",3
"1782","J. Biochem. Biophys. Methods",4
"1783","J. Biochem. Mol. Biol.",2
"1784","J. Biochem. Mol. Toxicol.",1
"1785","J. Biol. Chem.",61
"1786","J. Biol. Regul. Homeost. Agents",3
"1787","J. Biol. Rhythms",1
"1788","J. Biomed. Biotechnol.",1
"1789","J. Biomed. Sci.",5
"1790","J. Biomol. Struct. Dyn.",3
"1791","J. Biosci.",2
"1792","J. Biosci. Bioeng.",1
"1793","J. Biotechnol.",1
"1794","J. Bone Miner. Metab.",1
"1795","J. Bone Miner. Res.",4
"1796","J. Cancer Res. Clin. Oncol.",6
"1797","J. Card. Fail.",3
"1798","J. Cardiothorac. Vasc. Anesth.",2
"1799","J. Cardiovasc. Electrophysiol.",1
"1800","J. Cardiovasc. Pharmacol.",9
"1801","J. Cardiovasc. Pharmacol. Ther.",4
"1802","J. Cell Biol.",1
"1803","J. Cell. Biochem.",6
"1804","J. Cell. Biochem. Suppl.",2
"1805","J. Cell. Mol. Med.",4
"1806","J. Cell. Physiol.",4
"1807","J. Cell. Sci.",4
"1808","J. Child Neurol.",3
"1809","J. Chromatogr.",1
"1810","J. Chromatogr. B Analyt. Technol. Biomed. Life Sci.",26
"1811","J. Chromatogr. B Biomed. Sci. Appl.",1
"1812","J. Clin. Endocrinol. Metab.",18
"1813","J. Clin. Gastroenterol.",4
"1814","J. Clin. Invest.",9
"1815","J. Clin. Lab. Anal.",7
"1816","J. Clin. Microbiol.",1
"1817","J. Clin. Oncol.",56
"1818","J. Clin. Pathol.",1
"1819","J. Clin. Periodontol.",2
"1820","J. Clin. Virol.",3
"1821","J. Comput. Biol.",2
"1822","J. Cyst. Fibros.",3
"1823","J. Dent. Res.",3
"1824","J. Dermatol.",2
"1825","J. Dermatol. Sci.",2
"1826","J. Diabetes Complicat.",2
"1827","J. Endocrinol.",2
"1828","J. Endocrinol. Invest.",4
"1829","J. Environ. Pathol. Toxicol. Oncol.",2
"1830","J. Exp. Anim. Sci.",3
"1831","J. Exp. Clin. Cancer Res.",4
"1832","J. Exp. Ther. Oncol.",3
"1833","J. Food Prot.",1
"1834","J. Food Sci.",1
"1835","J. Forensic Sci.",2
"1836","J. Formos. Med. Assoc.",4
"1837","J. Gastroenterol.",8
"1838","J. Gastroenterol. Hepatol.",11
"1839","J. Gastrointest. Surg.",2
"1840","J. Gen. Physiol.",1
"1841","J. Genet.",2
"1842","J. Gerontol. A Biol. Sci. Med. Sci.",3
"1843","J. Hepatol.",13
"1844","J. Hosp. Infect.",1
"1845","J. Hum. Genet.",49
"1846","J. Hypertens.",20
"1847","J. Immunol.",8
"1848","J. Immunol. Methods",1
"1849","J. Immunother.",1
"1850","J. Infect. Chemother.",1
"1851","J. Infect. Dis.",15
"1852","J. Inherit. Metab. Dis.",2
"1853","J. Inorg. Biochem.",2
"1854","J. Interferon Cytokine Res.",2
"1855","J. Intern. Med.",12
"1856","J. Invest. Dermatol.",14
"1857","J. Investig. Dermatol. Symp. Proc.",3
"1858","J. Investig. Med.",3
"1859","J. Korean Med. Sci.",3
"1860","J. Lab. Clin. Med.",2
"1861","J. Leukoc. Biol.",1
"1862","J. Lipid Res.",12
"1863","J. Matern. Fetal. Neonatal. Med.",2
"1864","J. Med. Chem.",4
"1865","J. Med. Genet.",11
"1866","J. Med. Virol.",2
"1867","J. Mol. Biol.",4
"1868","J. Mol. Cell. Cardiol.",12
"1869","J. Mol. Endocrinol.",4
"1870","J. Mol. Graph. Model.",1
"1871","J. Mol. Histol.",1
"1872","J. Mol. Med.",8
"1873","J. Mol. Neurosci.",4
"1874","J. Nat. Prod.",1
"1875","J. Natl. Cancer Inst.",22
"1876","J. Natl. Cancer Inst. Monographs",1
"1877","J. Nephrol.",4
"1878","J. Nerv. Ment. Dis.",2
"1879","J. Neural Transm. Suppl.",2
"1880","J. Neurochem.",6
"1881","J. Neuroendocrinol.",3
"1882","J. Neurogenet.",2
"1883","J. Neuroimmunol.",6
"1884","J. Neurol.",5
"1885","J. Neurol. Sci.",10
"1886","J. Neurooncol.",2
"1887","J. Neuropathol. Exp. Neurol.",1
"1888","J. Neurosci.",4
"1889","J. Neurosci. Methods",1
"1890","J. Neurosci. Res.",2
"1891","J. Neurosurg.",1
"1892","J. Nutr.",5
"1893","J. Nutr. Biochem.",3
"1894","J. Orthop. Res.",1
"1895","J. Pathol.",5
"1896","J. Pediatr.",2
"1897","J. Pediatr. Endocrinol. Metab.",1
"1898","J. Pediatr. Gastroenterol. Nutr.",1
"1899","J. Pediatr. Hematol. Oncol.",4
"1900","J. Perianesth. Nurs.",1
"1901","J. Periodontol.",1
"1902","J. Pharm. Pharmacol.",15
"1903","J. Pharmacol. Exp. Ther.",52
"1904","J. Pharmacol. Sci.",12
"1905","J. Physiol. (Lond.)",4
"1906","J. Physiol. Pharmacol.",5
"1907","J. Proteome Res.",10
"1908","J. Psychopharmacol. (Oxford)",31
"1909","J. Recept. Signal Transduct. Res.",1
"1910","J. Rheumatol.",17
"1911","J. Soc. Biol.",1
"1912","J. Steroid Biochem. Mol. Biol.",5
"1913","J. Struct. Funct. Genomics",1
"1914","J. Stud. Alcohol",1
"1915","J. Theor. Biol.",1
"1916","J. Thorac. Cardiovasc. Surg.",1
"1917","J. Thromb. Haemost.",45
"1918","J. Thromb. Thrombolysis",17
"1919","J. Toxicol. Clin. Toxicol.",1
"1920","J. Toxicol. Environ. Health Part A",2
"1921","J. Urol.",4
"1922","J. Vasc. Surg.",1
"1923","J. Vet. Intern. Med.",2
"1924","J. Vet. Pharmacol. Ther.",6
"1925","J. Vet. Sci.",1
"1926","J. Viral Hepat.",4
"1927","J. Virol.",1
"1928","J. Virol. Methods",2
"1929","JAAPA",3
"1930","JACC Basic Transl Sci",3
"1931","JACC Cardiovasc Interv",9
"1932","JACC Clin Electrophysiol",1
"1933","JACC Heart Fail",3
"1934","JAMA",48
"1935","JAMA Cardiol",1
"1936","JAMA Dermatol",4
"1937","JAMA Intern Med",2
"1938","JAMA Neurol",1
"1939","JAMA Oncol",3
"1940","JAMA Ophthalmol",1
"1941","JAMA Psychiatry",3
"1942","Johns Hopkins Med Lett Health After 50",1
"1943","Joint Bone Spine",5
"1944","JOP",13
"1945","Jpn. J. Cancer Res.",1
"1946","Jpn. J. Clin. Oncol.",1
"1947","Jpn. J. Infect. Dis.",2
"1948","JRSM Cardiovasc Dis",1
"1949","Jurimetrics",2
"1950","Kans Nurse",1
"1951","Kardiol Pol",5
"1952","Kardiologiia",12
"1953","Kathmandu Univ Med J (KUMJ)",2
"1954","Kennedy Inst Ethics J",2
"1955","Kidney Blood Press. Res.",2
"1956","Kidney Int Rep",1
"1957","Kidney Int Suppl (2011)",1
"1958","Kidney Int.",3
"1959","Kidney Int. Suppl.",1
"1960","Klin Khir",1
"1961","Klin Med (Mosk)",5
"1962","Klin Onkol",1
"1963","Klin Padiatr",1
"1964","Klin. Lab. Diagn.",2
"1965","Klin. Wochenschr.",1
"1966","Kobe J Med Sci",4
"1967","Kokuritsu Iyakuhin Shokuhin Eisei Kenkyusho Hokoku",2
"1968","Korean J Anesthesiol",1
"1969","Korean J Hepatol",1
"1970","Korean J Ophthalmol",1
"1971","Korean J. Intern. Med.",3
"1972","Korean J. Parasitol.",1
"1973","Korean J. Physiol. Pharmacol.",1
"1974","Lab Chip",2
"1975","Lab Med",1
"1976","Lab. Invest.",2
"1977","Lakartidningen",12
"1978","Lancet",42
"1979","Lancet Diabetes Endocrinol",1
"1980","Lancet Gastroenterol Hepatol",2
"1981","Lancet Infect Dis",2
"1982","Lancet Neurol",5
"1983","Lancet Oncol.",15
"1984","Lancet Psychiatry",2
"1985","Lancet Respir Med",6
"1986","Laryngoscope",1
"1987","LDI Issue Brief",1
"1988","Learn Health Syst",1
"1989","Leg Med (Tokyo)",1
"1990","Leuk. Lymphoma",15
"1991","Leuk. Res.",6
"1992","Leukemia",7
"1993","Life Sci.",9
"1994","Lijec Vjesn",2
"1995","Lik. Sprava",3
"1996","Lipids Health Dis",2
"1997","Liver Int.",8
"1998","Liver Res",1
"1999","Liver Transpl.",3
"2000","Lung",3
"2001","Lung Cancer",19
"2002","Lymphat Res Biol",2
"2003","MAbs",1
"2004","Magn Reson Med",1
"2005","Magy Onkol",6
"2006","Malar. J.",7
"2007","Malawi Med J",1
"2008","Malays J Med Sci",3
"2009","Manag Care",10
"2010","Manag Care Interface",3
"2011","Manag Care Q",1
"2012","Mar Drugs",2
"2013","Masui",10
"2014","Mater Sci Eng C Mater Biol Appl",1
"2015","Math Biosci",1
"2016","Mayo Clin Health Lett",1
"2017","Mayo Clin Womens Healthsource",1
"2018","Mayo Clin. Proc.",19
"2019","Mech. Ageing Dev.",4
"2020","Med Arch",1
"2021","Med Care",1
"2022","Med Care Res Rev",1
"2023","Med Chem",1
"2024","Med Clin (Barc)",16
"2025","Med Decis Making",2
"2026","Med Device Technol",1
"2027","Med Etika Bioet",1
"2028","Med Glas (Zenica)",1
"2029","Med Health Care Philos",2
"2030","Med Hist",1
"2031","Med Klin Intensivmed Notfmed",2
"2032","Med Lav",2
"2033","Med Law",3
"2034","Med Law Rev",1
"2035","Med Leg J",1
"2036","Med Lett Drugs Ther",3
"2037","Med Mal Infect",1
"2038","Med Monatsschr Pharm",5
"2039","Med Princ Pract",2
"2040","Med Res Rev",3
"2041","Med Sci (Paris)",7
"2042","Med Sci Sports Exerc",1
"2043","Med Secoli",1
"2044","Med Teach",1
"2045","Med Tr Prom Ekol",1
"2046","Med Wieku Rozwoj",2
"2047","Med. Clin. North Am.",7
"2048","Med. Hypotheses",9
"2049","Med. J. Aust.",10
"2050","Med. J. Malaysia",1
"2051","Med. Klin. (Munich)",1
"2052","Med. Oncol.",7
"2053","Med. Pregl.",1
"2054","Med. Sci. Monit.",10
"2055","MedGenMed",1
"2056","Mediators Inflamm.",16
"2057","Medicina (B Aires)",5
"2058","Medicina (Kaunas)",1
"2059","Medicine (Baltimore)",17
"2060","Medsurg Nurs",3
"2061","Melanoma Res.",1
"2062","Mens Sana Monogr",3
"2063","Ment Health Clin",2
"2064","Meta Gene",2
"2065","Metab Brain Dis",2
"2066","Metab Syndr Relat Disord",1
"2067","Metab. Clin. Exp.",14
"2068","Metabolites",1
"2069","Metabolomics",6
"2070","Meth. Enzymol.",6
"2071","Methodist Debakey Cardiovasc J",2
"2072","Methods",6
"2073","Methods Find Exp Clin Pharmacol",6
"2074","Methods Inf Med",3
"2075","Methods Mol. Biol.",114
"2076","Methods Mol. Med.",6
"2077","Mich Med",1
"2078","Microarrays (Basel)",3
"2079","Microb Cell",1
"2080","Microb. Pathog.",2
"2081","Microbes Infect.",2
"2082","Microbiol. Immunol.",2
"2083","Microbiol. Res.",1
"2084","Microrna",1
"2085","Microvasc. Res.",1
"2086","Middle East Afr J Ophthalmol",1
"2087","Mikrobiyol Bul",1
"2088","Minerva Anestesiol",1
"2089","Minerva Chir",1
"2090","Minerva Ginecol",2
"2091","Minerva Med.",1
"2092","Minerva Pediatr.",3
"2093","Minerva Urol Nefrol",1
"2094","Mini Rev Med Chem",4
"2095","Minn Med",4
"2096","Mitochondrion",2
"2097","MLO Med Lab Obs",17
"2098","MMW Fortschr Med",7
"2099","Mo Med",2
"2100","Mod Healthc",2
"2101","Mod Rheumatol",2
"2102","Mol Biol Int",1
"2103","Mol Biol Res Commun",1
"2104","Mol Biosyst",4
"2105","Mol Clin Oncol",3
"2106","Mol Cytogenet",2
"2107","Mol Diagn Ther",58
"2108","Mol Genet Genomic Med",7
"2109","Mol Genet Metab Rep",2
"2110","Mol Med Rep",12
"2111","Mol Med Today",2
"2112","Mol Metab",1
"2113","Mol Neurodegener",3
"2114","Mol Neuropsychiatry",6
"2115","Mol Nutr Food Res",2
"2116","Mol Oncol",4
"2117","Mol Pain",2
"2118","Mol Ther Nucleic Acids",2
"2119","Mol. Aspects Med.",2
"2120","Mol. Biochem. Parasitol.",1
"2121","Mol. Biol. (Mosk.)",5
"2122","Mol. Biol. Cell",8
"2123","Mol. Biol. Rep.",16
"2124","Mol. Biotechnol.",7
"2125","Mol. Cancer",3
"2126","Mol. Cancer Res.",5
"2127","Mol. Cancer Ther.",23
"2128","Mol. Carcinog.",2
"2129","Mol. Cell",2
"2130","Mol. Cell Proteomics",1
"2131","Mol. Cell. Biochem.",6
"2132","Mol. Cell. Biol.",13
"2133","Mol. Cell. Endocrinol.",5
"2134","Mol. Cell. Probes",3
"2135","Mol. Diagn.",12
"2136","Mol. Endocrinol.",13
"2137","Mol. Gen. Mikrobiol. Virusol.",1
"2138","Mol. Genet. Genomics",3
"2139","Mol. Genet. Metab.",7
"2140","Mol. Immunol.",3
"2141","Mol. Interv.",8
"2142","Mol. Med.",4
"2143","Mol. Membr. Biol.",1
"2144","Mol. Microbiol.",1
"2145","Mol. Neurobiol.",2
"2146","Mol. Pharm.",16
"2147","Mol. Pharmacol.",44
"2148","Mol. Psychiatry",40
"2149","Mol. Syst. Biol.",5
"2150","Mol. Ther.",14
"2151","Mol. Vis.",1
"2152","Molecules",13
"2153","Monash Bioeth Rev",1
"2154","Mov. Disord.",6
"2155","Mt. Sinai J. Med.",7
"2156","Mult Scler Relat Disord",1
"2157","Mult. Scler.",2
"2158","Mutagenesis",1
"2159","Mutat Res Genet Toxicol Environ Mutagen",1
"2160","Mutat Res Rev Mutat Res",1
"2161","Mutat. Res.",20
"2162","Mycoses",1
"2163","N Biotechnol",5
"2164","N C Med J",3
"2165","N Y Times Mag",1
"2166","N Y Times Web",2
"2167","N Z Bioeth J",2
"2168","N. Engl. J. Med.",44
"2169","N. Z. Med. J.",9
"2170","Nagoya J Med Sci",2
"2171","Nan Fang Yi Ke Da Xue Xue Bao",1
"2172","Nano Lett.",1
"2173","Nanomedicine",6
"2174","Nanoscale",1
"2175","Nat Clin Pract Cardiovasc Med",2
"2176","Nat Clin Pract Oncol",4
"2177","Nat Clin Pract Rheumatol",1
"2178","Nat Clin Pract Urol",1
"2179","Nat Commun",20
"2180","Nat Nanotechnol",1
"2181","Nat Protoc",2
"2182","Nat Rev Cardiol",13
"2183","Nat Rev Clin Oncol",10
"2184","Nat Rev Drug Discov",55
"2185","Nat Rev Endocrinol",3
"2186","Nat Rev Gastroenterol Hepatol",7
"2187","Nat Rev Nephrol",4
"2188","Nat Rev Neurol",4
"2189","Nat Rev Rheumatol",7
"2190","Nat. Biotechnol.",57
"2191","Nat. Cell Biol.",3
"2192","Nat. Chem. Biol.",4
"2193","Nat. Genet.",44
"2194","Nat. Med.",21
"2195","Nat. Neurosci.",5
"2196","Nat. Rev. Cancer",7
"2197","Nat. Rev. Genet.",19
"2198","Nat. Rev. Microbiol.",1
"2199","Nat. Rev. Mol. Cell Biol.",1
"2200","Nat. Rev. Neurosci.",3
"2201","Nat. Struct. Mol. Biol.",2
"2202","Natl Cathol Bioeth Q",1
"2203","Natl Med J India",1
"2204","Nature",85
"2205","Naturwissenschaften",1
"2206","Naunyn Schmiedebergs Arch. Pharmacol.",9
"2207","NCSL Legisbrief",1
"2208","Ned Tijdschr Geneeskd",9
"2209","Nefrologia",5
"2210","Neonatology",2
"2211","Neoplasma",3
"2212","Nephrol. Dial. Transplant.",3
"2213","Nephrol. Ther.",1
"2214","Nephrologie",1
"2215","Nephron Physiol",1
"2216","Nervenarzt",6
"2217","Neth J Med",3
"2218","Neural Regen Res",1
"2219","Neuro Endocrinol. Lett.",1
"2220","Neuro-oncology",3
"2221","Neurobiol Learn Mem",1
"2222","Neurobiol. Aging",3
"2223","Neurobiol. Dis.",2
"2224","Neurochem. Int.",2
"2225","Neurochem. Res.",3
"2226","Neurochirurgie",1
"2227","Neurodegener Dis",2
"2228","Neurodegener Dis Manag",1
"2229","Neurogastroenterol. Motil.",6
"2230","Neurogenetics",2
"2231","Neuroimage",1
"2232","Neuroimage Clin",1
"2233","Neurol Clin",2
"2234","Neurol. Neurochir. Pol.",2
"2235","Neurol. Res.",1
"2236","Neurol. Sci.",5
"2237","Neurologia",3
"2238","Neurology",15
"2239","Neuromolecular Med.",1
"2240","Neuromuscul. Disord.",3
"2241","Neuron",11
"2242","Neuropharmacology",9
"2243","Neuropsychiatr Dis Treat",13
"2244","Neuropsychobiology",9
"2245","Neuropsychologia",1
"2246","Neuropsychopharmacol Hung",7
"2247","Neuropsychopharmacol Rep",1
"2248","Neuropsychopharmacology",26
"2249","Neuroreport",5
"2250","NeuroRx",3
"2251","Neurosci Biobehav Rev",4
"2252","Neurosci Bull",1
"2253","Neurosci. Lett.",24
"2254","Neurosci. Res.",1
"2255","Neuroscience",2
"2256","Neurosciences (Riyadh)",1
"2257","Neuroscientist",1
"2258","Neurosurg Focus",2
"2259","Neurotherapeutics",4
"2260","Neurotoxicology",2
"2261","New Genet Soc",2
"2262","New Sci",4
"2263","Newsweek",4
"2264","Nicotine Tob. Res.",7
"2265","NIDA Res. Monogr.",3
"2266","Nihon Arukoru Yakubutsu Igakkai Zasshi",1
"2267","Nihon Rinsho Meneki Gakkai Kaishi",2
"2268","Nihon Ronen Igakkai Zasshi",4
"2269","Nihon Shinkei Seishin Yakurigaku Zasshi",16
"2270","Nihon Shokakibyo Gakkai Zasshi",2
"2271","Nippon Naika Gakkai Zasshi",9
"2272","Nippon Rinsho",80
"2273","Nippon Yakurigaku Zasshi",37
"2274","Nitric Oxide",3
"2275","No Shinkei Geka",2
"2276","No To Hattatsu",1
"2277","Nord J Psychiatry",1
"2278","Nouv Rev Fr Hematol",1
"2279","Novartis Found. Symp.",7
"2280","NPJ Breast Cancer",2
"2281","NPJ Genom Med",1
"2282","Nucl. Med. Biol.",1
"2283","Nucleic Acids Res.",25
"2284","Nucleosides Nucleotides Nucleic Acids",1
"2285","Nurs Manag (Harrow)",1
"2286","Nurs Manage",3
"2287","Nurs N Z",1
"2288","Nurs Outlook",2
"2289","Nurs Res",4
"2290","Nurs Spectr (Wash D C)",1
"2291","Nurs Stand",2
"2292","Nurs Womens Health",1
"2293","Nurs. Clin. North Am.",8
"2294","Nurse Pract",3
"2295","Nursing",3
"2296","Nutr Cancer",2
"2297","Nutr Metab (Lond)",5
"2298","Nutr Metab Cardiovasc Dis",2
"2299","Nutr. Rev.",1
"2300","Nutrients",5
"2301","Obes Rev",1
"2302","Obes Surg",2
"2303","Obesity (Silver Spring)",4
"2304","Obstet Gynecol",4
"2305","Obstet Gynecol Int",1
"2306","Obstet Gynecol Surv",1
"2307","Obstet. Gynecol. Clin. North Am.",1
"2308","Ocul. Immunol. Inflamm.",1
"2309","Odontology",1
"2310","OMICS",62
"2311","Onco Targets Ther",9
"2312","Oncogene",16
"2313","Oncoimmunology",2
"2314","Oncol Lett",7
"2315","Oncol Nurs Forum",7
"2316","Oncol Res Treat",1
"2317","Oncol. Rep.",16
"2318","Oncol. Res.",2
"2319","Oncologist",30
"2320","Oncology",3
"2321","Oncology (Williston Park, N.Y.)",9
"2322","Oncotarget",108
"2323","Onkologie",2
"2324","Online J Issues Nurs",1
"2325","Online J Public Health Inform",1
"2326","ONS Connect",1
"2327","ONS News",1
"2328","Ont Health Technol Assess Ser",3
"2329","Open AIDS J",1
"2330","Open Biol",3
"2331","Open Forum Infect Dis",2
"2332","Open Neurol J",1
"2333","Open Ophthalmol J",1
"2334","Ophthalmic Genet.",3
"2335","Ophthalmic Res.",2
"2336","Ophthalmology",17
"2337","Oral Maxillofac Surg Clin North Am",1
"2338","Oral Oncol.",3
"2339","Org. Biomol. Chem.",2
"2340","Orphanet J Rare Dis",1
"2341","Orthopedics",2
"2342","Orv Hetil",13
"2343","Osteoarthr. Cartil.",1
"2344","Osteoporos Int",2
"2345","Otolaryngol. Clin. North Am.",1
"2346","Oxid Med Cell Longev",6
"2347","P R Health Sci J",1
"2348","P T",5
"2349","Pac Symp Biocomput",33
"2350","Paediatr Anaesth",8
"2351","Paediatr Child Health",1
"2352","Paediatr Drugs",12
"2353","Paediatr Nurs",1
"2354","Paediatr Respir Rev",6
"2355","Pain",12
"2356","Pain Manag Nurs",1
"2357","Pain Med",6
"2358","Pain Physician",4
"2359","Pain Pract",2
"2360","Pain Res Manag",2
"2361","Pain Res Treat",1
"2362","Pain Ther",3
"2363","Pak J Pharm Sci",5
"2364","Pan Afr Med J",1
"2365","Pancreas",1
"2366","Pancreatology",2
"2367","Panminerva Med",1
"2368","Parasit Vectors",2
"2369","Parasitol. Int.",1
"2370","Parkinsonism Relat. Disord.",1
"2371","Pathol. Biol.",5
"2372","Pathol. Res. Pract.",4
"2373","Patholog Res Int",1
"2374","Pathologe",2
"2375","Pathologica",1
"2376","Pathology",3
"2377","Pathophysiol. Haemost. Thromb.",1
"2378","Patient Educ Couns",1
"2379","Patient Prefer Adherence",1
"2380","Patol Fiziol Eksp Ter",1
"2381","PDA J Pharm Sci Technol",1
"2382","Pediatr Allergy Immunol",5
"2383","Pediatr Allergy Immunol Pulmonol",2
"2384","Pediatr Ann",3
"2385","Pediatr Blood Cancer",18
"2386","Pediatr Cardiol",2
"2387","Pediatr Crit Care Med",1
"2388","Pediatr Dermatol",2
"2389","Pediatr Emerg Care",1
"2390","Pediatr Endocrinol Diabetes Metab",1
"2391","Pediatr Endocrinol Rev",1
"2392","Pediatr Hematol Oncol",1
"2393","Pediatr Nurs",1
"2394","Pediatr Transplant",7
"2395","Pediatr. Clin. North Am.",12
"2396","Pediatr. Infect. Dis. J.",10
"2397","Pediatr. Nephrol.",14
"2398","Pediatr. Neurol.",1
"2399","Pediatr. Pulmonol.",7
"2400","Pediatr. Res.",2
"2401","Pediatrics",12
"2402","PeerJ",8
"2403","Per Med",230
"2404","Perm J",1
"2405","Perspect Clin Res",3
"2406","Perspect Infirm",1
"2407","Perspect Psychiatr Care",1
"2408","Perspect. Biol. Med.",2
"2409","Pflugers Arch.",2
"2410","Pharm Biol",2
"2411","Pharm Pract (Granada)",2
"2412","Pharm Stat",3
"2413","Pharm Unserer Zeit",2
"2414","Pharm World Sci",5
"2415","Pharm. Res.",37
"2416","Pharmaceuticals (Basel)",8
"2417","Pharmaceutics",2
"2418","Pharmacoeconomics",17
"2419","Pharmacoepidemiol Drug Saf",13
"2420","Pharmacogenet. Genomics",410
"2421","Pharmacogenetics",992
"2422","Pharmacogenomics",2636
"2423","Pharmacogenomics J.",1133
"2424","Pharmacognosy Res",1
"2425","Pharmacol Rep",24
"2426","Pharmacol Res Perspect",5
"2427","Pharmacol. Biochem. Behav.",17
"2428","Pharmacol. Res.",43
"2429","Pharmacol. Rev.",22
"2430","Pharmacol. Ther.",41
"2431","Pharmacol. Toxicol.",2
"2432","Pharmacology",10
"2433","Pharmacopsychiatry",11
"2434","Pharmacotherapy",62
"2435","Pharmacy (Basel)",1
"2436","Pharmazie",5
"2437","Pharmgenomics Pers Med",81
"2438","Philos Sci",1
"2439","Philos. Trans. R. Soc. Lond., B, Biol. Sci.",5
"2440","Photodiagnosis Photodyn Ther",1
"2441","Phys Chem Chem Phys",1
"2442","Phys Med Biol",1
"2443","Phys Med Rehabil Clin N Am",1
"2444","Phys Ther",1
"2445","Physician Exec",1
"2446","Physiol Rep",2
"2447","Physiol Res",4
"2448","Physiol. Behav.",3
"2449","Physiol. Genomics",9
"2450","Physiol. Rev.",1
"2451","Phytomedicine",12
"2452","Phytother Res",3
"2453","Plant Physiol. Biochem.",1
"2454","Planta Med.",3
"2455","Platelets",3
"2456","PLoS Biol.",3
"2457","PLoS Comput. Biol.",14
"2458","PLoS Curr",1
"2459","PLoS Genet.",12
"2460","PLoS Med.",8
"2461","PLoS ONE",258
"2462","PLoS Pathog.",1
"2463","PM R",1
"2464","Pol Tyg Lek",1
"2465","Pol. Arch. Med. Wewn.",3
"2466","Pol. J. Microbiol.",1
"2467","Pol. Merkur. Lekarski",5
"2468","Postepy Biochem.",1
"2469","Postepy Dermatol Alergol",1
"2470","Postepy Hig Med Dosw (Online)",5
"2471","Postgrad Med",1
"2472","Postgrad Med J",3
"2473","PPAR Res",2
"2474","Prague Med Rep",4
"2475","Praxis (Bern 1994)",9
"2476","Prescrire Int",1
"2477","Presse Med",2
"2478","Prev Med",1
"2479","Prikl. Biokhim. Mikrobiol.",1
"2480","Pril (Makedon Akad Nauk Umet Odd Med Nauki)",1
"2481","Prim Care Companion CNS Disord",1
"2482","Prim. Care",1
"2483","Probl Sotsialnoi Gig Zdravookhranenniiai Istor Med",1
"2484","Proc Am Thorac Soc",3
"2485","Proc AMIA Symp",1
"2486","Proc USENIX Secur Symp",1
"2487","Proc. Biol. Sci.",1
"2488","Proc. Natl. Acad. Sci. U.S.A.",57
"2489","Proc. West. Pharmacol. Soc.",2
"2490","Prog Cardiovasc Dis",5
"2491","Prog Cardiovasc Nurs",3
"2492","Prog Cell Cycle Res",1
"2493","Prog Community Health Partnersh",2
"2494","Prog Mol Biol Transl Sci",5
"2495","Prog Nucl Magn Reson Spectrosc",1
"2496","Prog Retin Eye Res",2
"2497","Prog Transplant",1
"2498","Prog. Brain Res.",3
"2499","Prog. Clin. Biol. Res.",13
"2500","Prog. Neurobiol.",3
"2501","Prog. Neuropsychopharmacol. Biol. Psychiatry",46
"2502","Prog. Pediatr. Cardiol.",1
"2503","Prostaglandins Leukot. Essent. Fatty Acids",2
"2504","Prostate",4
"2505","Prostate Cancer Prostatic Dis.",1
"2506","Protein Cell",1
"2507","Protein Expr. Purif.",1
"2508","Protein Pept. Lett.",2
"2509","Protein Sci.",2
"2510","Proteins",2
"2511","Proteome Sci",1
"2512","Proteomes",1
"2513","Proteomics Clin Appl",4
"2514","Provider",2
"2515","Prz Gastroenterol",1
"2516","Prz Menopauzalny",1
"2517","Prz. Lek.",3
"2518","Przegl Epidemiol",1
"2519","Psychiatr Danub",14
"2520","Psychiatr Hung",1
"2521","Psychiatr Q",3
"2522","Psychiatr Serv",1
"2523","Psychiatr. Clin. North Am.",9
"2524","Psychiatr. Genet.",15
"2525","Psychiatr. Pol.",3
"2526","Psychiatry (Edgmont)",1
"2527","Psychiatry Clin. Neurosci.",2
"2528","Psychiatry Investig",3
"2529","Psychiatry J",1
"2530","Psychiatry Res",28
"2531","Psychol Med",4
"2532","Psychol Neuropsychiatr Vieil",2
"2533","Psychoneuroendocrinology",5
"2534","Psychopharmacol Bull",12
"2535","Psychopharmacol Ser",5
"2536","Psychopharmacology (Berl.)",27
"2537","Psychosom Med",1
"2538","Psychosomatics",3
"2539","Public Health Genomics",32
"2540","Public Health Nutr",1
"2541","Pulm Circ",4
"2542","Pulm Pharmacol Ther",4
"2543","QJM",4
"2544","Quintessence Int",1
"2545","R I Med J (2013)",1
"2546","Radiat. Res.",2
"2547","Radiol Oncol",10
"2548","Radiology",2
"2549","Radiother Oncol",1
"2550","Rambam Maimonides Med J",2
"2551","Rapid Commun. Mass Spectrom.",4
"2552","Ration Drug Ther",2
"2553","RCM Midwives",1
"2554","Recent Pat Anticancer Drug Discov",2
"2555","Recent Pat Antiinfect Drug Discov",2
"2556","Recent Pat Biotechnol",7
"2557","Recent Pat Cardiovasc Drug Discov",2
"2558","Recent Pat CNS Drug Discov",1
"2559","Recent Pat DNA Gene Seq",3
"2560","Recent Pat Inflamm Allergy Drug Discov",1
"2561","Recent Results Cancer Res.",1
"2562","Recenti Prog Med",3
"2563","Regul. Toxicol. Pharmacol.",6
"2564","Rehabil Nurs",1
"2565","Ren Fail",2
"2566","Reprod Sci",3
"2567","Reprod. Biomed. Online",1
"2568","Reprod. Toxicol.",1
"2569","Reproduction",1
"2570","Res Dev Disabil",1
"2571","Res Pharm Sci",1
"2572","Res Rep Urol",1
"2573","Res Social Adm Pharm",1
"2574","Respir Care",1
"2575","Respir Med",4
"2576","Respir Med Case Rep",1
"2577","Respir Physiol Neurobiol",2
"2578","Respir. Res.",4
"2579","Respirology",4
"2580","Retina (Philadelphia, Pa.)",5
"2581","Retrovirology",1
"2582","Reumatol Clin",4
"2583","Rev Alerg Mex",1
"2584","Rev Bras Psiquiatr",3
"2585","Rev Cardiovasc Med",1
"2586","Rev Chilena Infectol",1
"2587","Rev Course Lect",1
"2588","Rev Derecho Genoma Hum",6
"2589","Rev Diabet Stud",1
"2590","Rev Enferm",2
"2591","Rev Environ Health",2
"2592","Rev Epidemiol Sante Publique",1
"2593","Rev Esp Cardiol",2
"2594","Rev Esp Cardiol (Engl Ed)",1
"2595","Rev Esp Enferm Dig",2
"2596","Rev Gastroenterol Disord",4
"2597","Rev Iberoam Micol",1
"2598","Rev Med Brux",2
"2599","Rev Med Chil",6
"2600","Rev Med Chir Soc Med Nat Iasi",3
"2601","Rev Med Inst Mex Seguro Soc",1
"2602","Rev Med Interne",7
"2603","Rev Med Liege",7
"2604","Rev Med Panama",1
"2605","Rev Med Suisse",7
"2606","Rev Med Suisse Romande",2
"2607","Rev Med Univ Navarra",1
"2608","Rev Neurol",7
"2609","Rev Neurol Dis",1
"2610","Rev Peru Med Exp Salud Publica",1
"2611","Rev Port Cardiol",2
"2612","Rev Port Pneumol",1
"2613","Rev Prat",3
"2614","Rev Psiquiatr Salud Ment",2
"2615","Rev. Biol. Trop.",2
"2616","Rev. Invest. Clin.",8
"2617","Rev. Latinoam. Microbiol.",1
"2618","Rev. Neurol. (Paris)",2
"2619","Rev. Physiol. Biochem. Pharmacol.",1
"2620","Rheum. Dis. Clin. North Am.",5
"2621","Rheumatol. Int.",11
"2622","Rheumatology (Oxford)",10
"2623","Rinsho Byori",32
"2624","Rinsho Ketsueki",2
"2625","Rinsho Shinkeigaku",2
"2626","Riv Psichiatr",1
"2627","RMD Open",4
"2628","RN",1
"2629","Rom J Intern Med",2
"2630","Rom J Morphol Embryol",2
"2631","Russ Coiles Health Trends",1
"2632","S D J Med",1
"2633","S D Med",9
"2634","S. Afr. Med. J.",3
"2635","SAGE Open Med",1
"2636","SAGE Open Med Case Rep",1
"2637","Sarcoma",1
"2638","Saudi J Biol Sci",1
"2639","Saudi J Kidney Dis Transpl",1
"2640","Saudi Med J",1
"2641","Saudi Pharm J",2
"2642","Scand J Infect Dis Suppl",4
"2643","Scand J Pain",1
"2644","Scand J Public Health",1
"2645","Scand. Cardiovasc. J.",1
"2646","Scand. J. Clin. Lab. Invest.",2
"2647","Scand. J. Clin. Lab. Invest. Suppl.",2
"2648","Scand. J. Gastroenterol.",5
"2649","Scand. J. Immunol.",2
"2650","Scand. J. Infect. Dis.",5
"2651","Scand. J. Rheumatol.",1
"2652","Schizophr Bull",10
"2653","Schizophr Res Cogn",1
"2654","Schizophr. Res.",30
"2655","Schmerz",1
"2656","Schweiz Med Wochenschr",1
"2657","Schweiz. Arch. Tierheilkd.",1
"2658","Sci Adv",1
"2659","Sci China Life Sci",7
"2660","Sci Data",2
"2661","Sci Prog",1
"2662","Sci Rep",79
"2663","Sci Signal",6
"2664","Sci Transl Med",8
"2665","Sci. Am.",3
"2666","Sci. China, C, Life Sci.",1
"2667","Sci. STKE",1
"2668","Science",39
"2669","ScientificWorldJournal",4
"2670","Se Pu",1
"2671","SEB Exp Biol Ser",1
"2672","Seikagaku",2
"2673","Seishin Shinkeigaku Zasshi",7
"2674","Seizure",10
"2675","Semin Colon Rectal Surg",1
"2676","Semin Dermatol",1
"2677","Semin Fetal Neonatal Med",5
"2678","Semin Immunopathol",1
"2679","Semin Neurol",3
"2680","Semin Nucl Med",1
"2681","Semin Oncol Nurs",2
"2682","Semin Ophthalmol",1
"2683","Semin Respir Crit Care Med",1
"2684","Semin. Arthritis Rheum.",1
"2685","Semin. Cancer Biol.",4
"2686","Semin. Hematol.",3
"2687","Semin. Liver Dis.",5
"2688","Semin. Nephrol.",1
"2689","Semin. Oncol.",14
"2690","Semin. Pediatr. Surg.",1
"2691","Semin. Perinatol.",3
"2692","Semin. Thorac. Cardiovasc. Surg.",1
"2693","Semin. Thromb. Hemost.",8
"2694","Sensors (Basel)",3
"2695","Sheng Li Ke Xue Jin Zhan",3
"2696","Shock",1
"2697","Singapore Med J",1
"2698","Skin Therapy Lett.",1
"2699","SLAS Discov",1
"2700","Sleep",2
"2701","Sleep Biol Rhythms",1
"2702","Soc Cogn Affect Neurosci",1
"2703","Soc Philos Policy",1
"2704","Soc Sci Med",7
"2705","Soc Stud Sci",3
"2706","Sociol Health Illn",4
"2707","South Calif Interdiscip Law J",1
"2708","South. Med. J.",2
"2709","Southeast Asian J. Trop. Med. Public Health",1
"2710","Spectrochim Acta A Mol Biomol Spectrosc",1
"2711","Spine",1
"2712","Sports Med",1
"2713","Springerplus",1
"2714","Stand Genomic Sci",1
"2715","Stat Appl Genet Mol Biol",1
"2716","Stat Med",20
"2717","Stat Methods Med Res",1
"2718","Stem Cell Investig",1
"2719","Stem Cell Reports",1
"2720","Stem Cell Res",1
"2721","Stem Cell Res Ther",2
"2722","Stem Cell Rev",1
"2723","Stem Cells",3
"2724","Stem Cells Dev.",1
"2725","Stem Cells Int",3
"2726","Stem Cells Transl Med",2
"2727","Steroids",3
"2728","Stroke",16
"2729","Stroke Res Treat",1
"2730","Stud Health Technol Inform",22
"2731","Stud Hist Philos Biol Biomed Sci",6
"2732","Subst Abuse",1
"2733","Subst Use Misuse",1
"2734","Sultan Qaboos Univ Med J",1
"2735","Suppl Tumori",3
"2736","Support Care Cancer",4
"2737","Surg Oncol",2
"2738","Surg. Oncol. Clin. N. Am.",1
"2739","Surv Ophthalmol",1
"2740","Swiss Med Wkly",4
"2741","Synapse",2
"2742","Syst Rev",2
"2743","Talanta",1
"2744","Tanpakushitsu Kakusan Koso",13
"2745","Target Oncol",1
"2746","Teach Learn Med",1
"2747","Technol Eval Cent Assess Program Exec Summ",8
"2748","Technol Health Care",1
"2749","Technol. Cancer Res. Treat.",2
"2750","Ter. Arkh.",11
"2751","Tetrahedron Lett.",1
"2752","Tex Heart Inst J",1
"2753","Theor Biol Med Model",1
"2754","Ther Adv Drug Saf",5
"2755","Ther Adv Endocrinol Metab",1
"2756","Ther Adv Med Oncol",2
"2757","Ther Adv Musculoskelet Dis",1
"2758","Ther Adv Neurol Disord",2
"2759","Ther Adv Respir Dis",1
"2760","Ther Clin Risk Manag",5
"2761","Ther Deliv",4
"2762","Ther Drug Monit",69
"2763","Ther Innov Regul Sci",1
"2764","Ther Umsch",7
"2765","Theranostics",2
"2766","Therap Adv Gastroenterol",1
"2767","Therapie",31
"2768","Therapy",1
"2769","Thorac Cancer",1
"2770","Thorax",5
"2771","Thromb. Haemost.",43
"2772","Thromb. Res.",31
"2773","Thyroid",2
"2774","Tidsskr. Nor. Laegeforen.",26
"2775","Tijdschr Psychiatr",3
"2776","Time",14
"2777","Tissue Antigens",3
"2778","Tob Control",2
"2779","Tob Induc Dis",1
"2780","Tohoku J. Exp. Med.",1
"2781","Top HIV Med",4
"2782","Toxicol In Vitro",5
"2783","Toxicol Ind Health",1
"2784","Toxicol Pathol",4
"2785","Toxicol Rep",1
"2786","Toxicol Rev",1
"2787","Toxicol. Appl. Pharmacol.",8
"2788","Toxicol. Lett.",16
"2789","Toxicol. Mech. Methods",4
"2790","Toxicol. Sci.",16
"2791","Toxicology",16
"2792","Toxics",1
"2793","Toxins (Basel)",2
"2794","Traffic",1
"2795","Trans Am Ophthalmol Soc",1
"2796","Trans. Am. Clin. Climatol. Assoc.",5
"2797","Transcult Psychiatry",1
"2798","Transfus Clin Biol",1
"2799","Transfus Med",1
"2800","Transfus Med Rev",1
"2801","Transfusion",1
"2802","Transl Behav Med",3
"2803","Transl Lung Cancer Res",3
"2804","Transl Psychiatry",20
"2805","Transl Res",8
"2806","Transpl. Immunol.",2
"2807","Transpl. Int.",3
"2808","Transplant Rev (Orlando)",2
"2809","Transplant. Proc.",15
"2810","Transplantation",15
"2811","Treat Respir Med",2
"2812","Trends Biochem. Sci.",2
"2813","Trends Biotechnol.",9
"2814","Trends Cancer Res",1
"2815","Trends Cardiovasc. Med.",6
"2816","Trends Cogn. Sci. (Regul. Ed.)",1
"2817","Trends Endocrinol. Metab.",2
"2818","Trends Genet.",7
"2819","Trends Immunol.",1
"2820","Trends Microbiol.",1
"2821","Trends Mol Med",14
"2822","Trends Parasitol.",2
"2823","Trends Pharmacol. Sci.",43
"2824","Trials",8
"2825","Trop. Med. Int. Health",2
"2826","Trustee",1
"2827","Tuberc Respir Dis (Seoul)",2
"2828","Tuberculosis (Edinb)",6
"2829","Tumori",3
"2830","Tumour Biol.",19
"2831","Turk J Gastroenterol",1
"2832","Turk J Haematol",2
"2833","Turk J Med Sci",2
"2834","Twin Res",1
"2835","Twin Res Hum Genet",2
"2836","Ugeskr. Laeg.",36
"2837","Univ Ill Law Rev",1
"2838","Urol. Clin. North Am.",1
"2839","Urol. Oncol.",7
"2840","US News World Rep",7
"2841","Vaccine",2
"2842","Value Health",20
"2843","Vasc Endovascular Surg",1
"2844","Vasc Health Risk Manag",1
"2845","Vasc Med",2
"2846","Vascul. Pharmacol.",9
"2847","Vascular",1
"2848","Verh Dtsch Ges Pathol",1
"2849","Verh. K. Acad. Geneeskd. Belg.",1
"2850","Versicherungsmedizin",1
"2851","Vertex",2
"2852","Vestn Oftalmol",3
"2853","Vestn. Akad. Med. Nauk SSSR",8
"2854","Vestn. Otorinolaringol.",1
"2855","Vet Comp Oncol",1
"2856","Vet. Clin. North Am. Small Anim. Pract.",3
"2857","Vet. J.",1
"2858","Vet. Parasitol.",1
"2859","Virchows Arch.",2
"2860","Virol. J.",1
"2861","Virtual Mentor",2
"2862","Vitam. Horm.",1
"2863","Vnitr Lek",12
"2864","Vojnosanit Pregl",3
"2865","Vopr Onkol",2
"2866","Vox Sang.",2
"2867","Washburn Law J",3
"2868","Washington Post",1
"2869","Wei Sheng Yan Jiu",1
"2870","West J Emerg Med",1
"2871","West. J. Med.",1
"2872","Wiad. Lek.",4
"2873","Wien Med Wochenschr",4
"2874","Wien. Klin. Wochenschr.",3
"2875","Wiley Interdiscip Rev Nanomed Nanobiotechnol",1
"2876","Wiley Interdiscip Rev Syst Biol Med",10
"2877","WMJ",2
"2878","World J Cardiol",2
"2879","World J Clin Oncol",3
"2880","World J Diabetes",1
"2881","World J Gastrointest Pathophysiol",1
"2882","World J Gastrointest Pharmacol Ther",1
"2883","World J Gastrointest Surg",1
"2884","World J Hepatol",1
"2885","World J Pediatr",1
"2886","World J Surg",1
"2887","World J Surg Oncol",1
"2888","World J Urol",1
"2889","World J Virol",2
"2890","World J. Biol. Psychiatry",12
"2891","World J. Gastroenterol.",36
"2892","World Med Health Policy",1
"2893","World Neurosurg",1
"2894","World Rev Nutr Diet",1
"2895","Xenobiotica",49
"2896","Xi Bao Yu Fen Zi Mian Yi Xue Za Zhi",3
"2897","Yakugaku Zasshi",32
"2898","Yale J Biol Med",5
"2899","Yale J Health Policy Law Ethics",1
"2900","Yao Xue Xue Bao",10
"2901","Yearb Med Inform",2
"2902","Yeast",4
"2903","Yi Chuan",2
"2904","Yi Chuan Xue Bao",2
"2905","Yonsei Med. J.",4
"2906","Z Evid Fortbild Qual Gesundhwes",1
"2907","Z Gastroenterol",1
"2908","Z Gerontol Geriatr",1
"2909","Z Rheumatol",1
"2910","Zentralbl Chir",1
"2911","Zh Nevrol Psikhiatr Im S S Korsakova",7
"2912","Zhong Nan Da Xue Xue Bao Yi Xue Ban",10
"2913","Zhongguo Dang Dai Er Ke Za Zhi",2
"2914","Zhongguo Fei Ai Za Zhi",1
"2915","Zhongguo Shi Yan Xue Ye Xue Za Zhi",4
"2916","Zhongguo Yao Li Xue Bao",6
"2917","Zhongguo Zhong Yao Za Zhi",2
"2918","Zhonghua Er Ke Za Zhi",2
"2919","Zhonghua Wei Chang Wai Ke Za Zhi",1
"2920","Zhonghua Xin Xue Guan Bing Za Zhi",6
"2921","Zhonghua Yan Ke Za Zhi",2
"2922","Zhonghua Yi Xue Yi Chuan Xue Za Zhi",3
"2923","Zhonghua Yi Xue Za Zhi",5
